id,name,status,lastVerified,brand,street,locality,state,zip,citySlug,cityName,lat,lng,modalities,access,dropIn,dayPass,membershipMo,priceFrom,plungeF_low,plungeF_high,saunaF_low,saunaF_high,hours,website,bookingUrl,phone,url
"jeju-sauna-atlanta-ga","Jeju Sauna","community","2026-08-16",,"3555 Gwinnett Pl Dr NW","Duluth","GA","30096","atlanta-ga","Atlanta","33.955837","-84.131087","traditional_sauna|steam_room","communal",,"40",,"",,,,,"Saunas/bathhouse open 24 hours; other services keep shorter hours","https://jejusauna.com/",,"+1-678-336-7414","https://findsaunaplunge.com/venue/jeju-sauna-atlanta-ga/"
"spa-land-georgia-atlanta-ga","Spa Land Georgia","community","2026-08-16",,"2645 N Berkeley Lake Rd NW, Building C","Duluth","GA","30096","atlanta-ga","Atlanta","33.97336","-84.156614","cold_plunge|traditional_sauna|steam_room","communal",,,,"",,,,,,"https://spalandga.com/",,"+1-770-864-9934","https://findsaunaplunge.com/venue/spa-land-georgia-atlanta-ga/"
"roman-holiday-sauna-atlanta-ga","Roman Holiday Sauna","community","2026-08-16",,"5979 Buford Hwy NE B7","Doraville","GA","30340","atlanta-ga","Atlanta","33.913597","-84.262311","traditional_sauna|steam_room","unpublished",,"35",,"",,,,,"Open every day, 24 hours","https://romanholidaysauna.com/",,"+1-678-691-6584","https://findsaunaplunge.com/venue/roman-holiday-sauna-atlanta-ga/"
"restore-hyper-wellness-vinings-atlanta-ga","Restore Hyper Wellness - Vinings","community","2026-08-16",,"4300 Paces Ferry Road Southeast, Suite 240","Atlanta","GA","30339","atlanta-ga","Atlanta","33.865503","-84.4656","infrared_sauna|cryotherapy|compression|red_light","unpublished",,,,"",,,,,"Monday-Friday 10AM-7PM, Saturday 9AM-5PM, Sunday 11AM-5PM","https://www.restore.com/locations/ga-atlanta-vinings-ga004","https://www.restore.com/locations/ga-atlanta-vinings-ga004","+1-678-403-8560","https://findsaunaplunge.com/venue/restore-hyper-wellness-vinings-atlanta-ga/"
"restore-hyper-wellness-westside-village-atlanta-ga","Restore Hyper Wellness - Westside Village","community","2026-08-16",,"2250 Marietta Blvd NW, Suite 208","Atlanta","GA","30318","atlanta-ga","Atlanta","33.817809","-84.448751","infrared_sauna|cryotherapy|compression|red_light","unpublished",,,,"",,,,,"Monday-Thursday 10AM-6:30PM, Friday 10AM-6PM, Saturday 9:30AM-5PM, Sunday 11AM-5PM","https://www.restore.com/locations/ga-atlanta-westside-village-ga003","https://www.restore.com/locations/ga-atlanta-westside-village-ga003","+1-678-973-0388","https://findsaunaplunge.com/venue/restore-hyper-wellness-westside-village-atlanta-ga/"
"restore-hyper-wellness-midtown-atlanta-ga","Restore Hyper Wellness - Midtown","community","2026-08-16",,"931 Monroe Dr NE, Unit 111A","Atlanta","GA","30308","atlanta-ga","Atlanta","33.779877","-84.369209","infrared_sauna|cryotherapy|compression|red_light","unpublished",,,,"",,,,,"Monday-Thursday 10AM-7PM, Friday 10AM-6PM, Saturday 9AM-5PM, Sunday 10AM-4PM","https://www.restore.com/locations/ga-atlanta-midtown-ga038","https://www.restore.com/locations/ga-atlanta-midtown-ga038","+1-404-836-7994","https://findsaunaplunge.com/venue/restore-hyper-wellness-midtown-atlanta-ga/"
"restore-hyper-wellness-dunwoody-atlanta-ga","Restore Hyper Wellness - Dunwoody","community","2026-08-16",,"4706 Ashford Dunwoody Road, Building B1, Suite 200","Dunwoody","GA","30338","atlanta-ga","Atlanta","33.933821","-84.337763","infrared_sauna|cryotherapy|compression|red_light","unpublished",,,,"",,,,,"Monday-Thursday 10AM-7PM, Friday 10AM-6PM, Saturday 9AM-5PM, Sunday 10AM-4PM","https://www.restore.com/locations/ga-dunwoody-ga028","https://www.restore.com/locations/ga-dunwoody-ga028","+1-404-602-0114","https://findsaunaplunge.com/venue/restore-hyper-wellness-dunwoody-atlanta-ga/"
"restore-hyper-wellness-alpharetta-atlanta-ga","Restore Hyper Wellness - Alpharetta","community","2026-08-16",,"7155 Avalon Way","Alpharetta","GA","30009","atlanta-ga","Atlanta","34.070857","-84.274727","infrared_sauna|cryotherapy|compression|red_light","unpublished",,,,"",,,,,"Monday-Friday 10AM-7PM, Saturday 9AM-5PM, Sunday 11AM-5PM","https://www.restore.com/locations/ga-alpharetta-ga002","https://www.restore.com/locations/ga-alpharetta-ga002","+1-470-361-2055","https://findsaunaplunge.com/venue/restore-hyper-wellness-alpharetta-atlanta-ga/"
"perspire-sauna-studio-sandy-springs-atlanta-ga","Perspire Sauna Studio - Sandy Springs","community","2026-08-16",,"6500 Aria Blvd Ste 200","Sandy Springs","GA","30328","atlanta-ga","Atlanta",,,"infrared_sauna|red_light","unpublished",,,,"",,,,,"Monday-Thursday 8:00 AM - 8:00 PM","https://www.perspiresaunastudio.com/ga/sandy-springs/",,"+1-404-844-4978","https://findsaunaplunge.com/venue/perspire-sauna-studio-sandy-springs-atlanta-ga/"
"icryo-marietta-atlanta-ga","iCRYO Marietta","community","2026-08-16",,"2745 Sandy Plains Rd, Suite 105","Marietta","GA","30066","atlanta-ga","Atlanta","34.018777","-84.491022","cryotherapy|infrared_sauna|compression|red_light","unpublished",,,,"",,,,,"Monday-Friday 8am-8pm, Saturday-Sunday 10am-4pm","https://icryo.com/location/marietta-ga/","https://icryo.com/location/marietta-ga/","+1-770-851-2370","https://findsaunaplunge.com/venue/icryo-marietta-atlanta-ga/"
"do-not-disturb-atlanta-atlanta-ga","Do Not Disturb Atlanta","community","2026-08-16",,"675 Ponce De Leon Ave NE E186","Atlanta","GA","30308","atlanta-ga","Atlanta","33.773273","-84.365183","cold_plunge|traditional_sauna|red_light|compression","private_suite","60",,,"",,,,,"Monday-Friday 10:00 AM - 8:00 PM","https://www.donotdisturbatl.com/","https://donotdisturb.zenoti.com/webstoreNew/services","+1-404-590-6408","https://findsaunaplunge.com/venue/do-not-disturb-atlanta-atlanta-ga/"
"the-salt-center-atlanta-ga","The Salt Center","community","2026-08-16",,"2650 Holcomb Bridge Rd, Suite #410","Alpharetta","GA","30022","atlanta-ga","Atlanta","33.995864","-84.282376","cold_plunge|traditional_sauna","private_suite",,,,"","40","40","160","210",,"https://www.thesaltcenter.com/contrast-therapy",,"+1-770-676-7040","https://findsaunaplunge.com/venue/the-salt-center-atlanta-ga/"
"icebox-cryotherapy-buckhead-atlanta-ga","Icebox Cryotherapy - Buckhead","community","2026-08-16",,"3872 Roswell Rd NE A2","Atlanta","GA","30342","atlanta-ga","Atlanta","33.860618","-84.380563","cryotherapy|compression|red_light","unpublished","40",,,"",,,,,"Monday-Thursday 9:00 AM - 7:00 PM","https://iceboxtherapy.com/buckhead-ga/",,"+1-404-890-7066","https://findsaunaplunge.com/venue/icebox-cryotherapy-buckhead-atlanta-ga/"
"icebox-cryotherapy-midtown-atlanta-ga","Icebox Cryotherapy - Midtown","community","2026-08-24",,"985 Monroe Dr NE Suite H","Atlanta","GA","30308","atlanta-ga","Atlanta","33.781219","-84.368778","cryotherapy|compression|red_light","unpublished",,,,"",,,,,,"https://iceboxtherapy.com/aboutus/icebox-midtown/",,"+1-470-805-0880","https://findsaunaplunge.com/venue/icebox-cryotherapy-midtown-atlanta-ga/"
"glow-sauna-studios-sandy-springs-atlanta-ga","Glow Sauna Studios - Sandy Springs","community","2026-08-16",,"5982 Roswell Road NE","Sandy Springs","GA","30328","atlanta-ga","Atlanta","33.918592","-84.379127","infrared_sauna|red_light","unpublished",,,,"",,,,,"Monday-Thursday 8:00AM-9:00PM","https://glowsaunastudios.com/sandy-springs/","https://glowsaunastudios.com/sandy-springs/book-appointment/","+1-678-850-9462","https://findsaunaplunge.com/venue/glow-sauna-studios-sandy-springs-atlanta-ga/"
"pause-studio-buckhead-atlanta-ga","Pause Studio Buckhead","community","2026-08-16",,"3535 Northside Pkwy NW Suite 3516","Atlanta","GA","30327","atlanta-ga","Atlanta","33.849743","-84.430103","cold_plunge|infrared_sauna|cryotherapy|float|red_light|compression","private_suite",,,,"",,,,,,"https://pausestudio.com/locations/buckhead","https://pausestudio.com/buckhead/contrast-therapy","+1-404-495-5155","https://findsaunaplunge.com/venue/pause-studio-buckhead-atlanta-ga/"
"pause-studio-east-cobb-marietta-atlanta-ga","Pause Studio East Cobb - Marietta","community","2026-08-16",,"4475 Roswell Rd","Marietta","GA","30062","atlanta-ga","Atlanta","33.986385","-84.421915","cold_plunge|infrared_sauna|cryotherapy|float|red_light|compression","private_suite",,,,"",,,,,,"https://pausestudio.com/locations/east-cobb","https://pausestudio.com/east-cobb/contrast-therapy","+1-678-403-2558","https://findsaunaplunge.com/venue/pause-studio-east-cobb-marietta-atlanta-ga/"
"switzhouse-atlanta-ga","SWITZHOUSE","community","2026-08-16",,"1301 Shiloh Rd. NW, #860","Kennesaw","GA","30144","atlanta-ga","Atlanta","34.048897","-84.589322","cold_plunge|infrared_sauna","unpublished",,,,"","48","48",,,"Open daily 8:00 AM - 7:00 PM","https://switzhouse.com/",,"+1-678-232-4800","https://findsaunaplunge.com/venue/switzhouse-atlanta-ga/"
"studio-recovery-marietta-atlanta-ga","Studio Recovery","community","2026-08-16",,"3894 Due West Rd NW, Suite# 265","Marietta","GA","30064","atlanta-ga","Atlanta","33.967739","-84.665339","cryotherapy|infrared_sauna|compression|red_light","unpublished","45",,"149","",,,,,,"https://studiorecovery.com/","https://studiorecovery.com/our-prices/","+1-678-379-1547","https://findsaunaplunge.com/venue/studio-recovery-marietta-atlanta-ga/"
"restore-hyper-wellness-buford-atlanta-ga","Restore Hyper Wellness - Buford","community","2026-08-16",,"2925 Buford Dr., Suite 2525","Buford","GA","30519","atlanta-ga","Atlanta","34.051241","-83.993768","infrared_sauna|cryotherapy|compression|red_light","unpublished",,,,"",,,,,"Monday-Friday 10AM-7PM, Saturday 9AM-5PM, Sunday 11AM-5PM","https://www.restore.com/locations/ga-buford-ga020","https://www.restore.com/locations/ga-buford-ga020","+1-470-589-1164","https://findsaunaplunge.com/venue/restore-hyper-wellness-buford-atlanta-ga/"
"restore-hyper-wellness-woodstock-atlanta-ga","Restore Hyper Wellness - Woodstock","community","2026-08-16",,"420 Chambers Street","Woodstock","GA","30188","atlanta-ga","Atlanta","34.100056","-84.519051","infrared_sauna|cryotherapy|compression|red_light","unpublished",,,,"",,,,,"Monday-Friday 10AM-7PM, Saturday 9AM-5PM, Sunday 11AM-5PM","https://www.restore.com/locations/ga-woodstock-ga009","https://www.restore.com/locations/ga-woodstock-ga009","+1-770-637-3092","https://findsaunaplunge.com/venue/restore-hyper-wellness-woodstock-atlanta-ga/"
"restore-hyper-wellness-peachtree-city-atlanta-ga","Restore Hyper Wellness - Peachtree City","community","2026-08-16",,"1202 N Peachtree Pkwy","Peachtree City","GA","30269","atlanta-ga","Atlanta","33.441115","-84.589923","infrared_sauna|cryotherapy|compression|red_light","unpublished",,,,"",,,,,"Monday-Friday 10AM-7PM, Saturday-Sunday 10AM-5PM","https://www.restore.com/locations/ga-peachtree-city-ga019","https://www.restore.com/locations/ga-peachtree-city-ga019","+1-770-629-7545","https://findsaunaplunge.com/venue/restore-hyper-wellness-peachtree-city-atlanta-ga/"
"life-time-alpharetta-atlanta-ga","Life Time Alpharetta","brand_import","2026-08-26","life-time","855 North Point Pkwy","Alpharetta","GA","30005","atlanta-ga","Atlanta","34.07979934","-84.2618766","cold_plunge|steam_room|traditional_sauna","communal",,,,"",,,,,"Mon–Fri 4:00am–12:00am, Sat–Sun 6:00am–11:00pm","https://www.lifetime.life/locations/ga/alpharetta/amenities.html",,"+1-770-664-9696","https://findsaunaplunge.com/venue/life-time-alpharetta-atlanta-ga/"
"life-time-johns-creek-atlanta-ga","Life Time Johns Creek","brand_import","2026-08-26","life-time","11555 Johns Creek Pkwy","Johns Creek","GA","30097","atlanta-ga","Atlanta","34.06086652","-84.16707917","cold_plunge|steam_room|traditional_sauna","communal",,,,"",,,,,"Mon–Fri 4:00am–12:00am, Sat–Sun 6:00am–11:00pm","https://www.lifetime.life/locations/ga/johns-creek/amenities.html",,"+1-770-495-7800","https://findsaunaplunge.com/venue/life-time-johns-creek-atlanta-ga/"
"life-time-north-druid-hills-atlanta-ga","Life Time North Druid Hills","brand_import","2026-08-26","life-time","1515 Sheridan Rd NE","Atlanta","GA","30324","atlanta-ga","Atlanta","33.82418103","-84.33784364","cold_plunge|steam_room|traditional_sauna","communal",,,,"",,,,,"Mon–Fri 4:00am–12:00am, Sat–Sun 6:00am–11:00pm","https://www.lifetime.life/locations/ga/north-druid-hills/amenities.html",,"+1-404-682-6150","https://findsaunaplunge.com/venue/life-time-north-druid-hills-atlanta-ga/"
"life-time-perimeter-atlanta-ga","Life Time Perimeter","brand_import","2026-08-26","life-time","8 Concourse Pkwy","Atlanta","GA","30328","atlanta-ga","Atlanta","33.91597703","-84.3556606","cold_plunge|steam_room|traditional_sauna|infrared_sauna","communal",,,,"",,,,,"Mon–Fri 4:00am–12:00am, Sat–Sun 6:00am–11:00pm","https://www.lifetime.life/locations/ga/perimeter/amenities.html",,"+1-770-743-3600","https://findsaunaplunge.com/venue/life-time-perimeter-atlanta-ga/"
"life-time-sandy-springs-atlanta-ga","Life Time Sandy Springs","brand_import","2026-08-26","life-time","5600 Roswell Road Building I","Sandy Springs","GA","30342","atlanta-ga","Atlanta","33.90668396","-84.38112393","cold_plunge|steam_room|traditional_sauna","communal",,,,"",,,,,"Mon–Fri 4:00am–12:00am, Sat–Sun 6:00am–11:00pm","https://www.lifetime.life/locations/ga/sandy-springs/amenities.html",,"+1-404-257-0900","https://findsaunaplunge.com/venue/life-time-sandy-springs-atlanta-ga/"
"life-time-sugarloaf-atlanta-ga","Life Time Sugarloaf","brand_import","2026-08-26","life-time","1823 N Brown Rd","Lawrenceville","GA","30043","atlanta-ga","Atlanta","33.98552413","-84.08275443","cold_plunge|steam_room|traditional_sauna","communal",,,,"",,,,,"Mon–Fri 4:00am–12:00am, Sat–Sun 6:00am–11:00pm","https://www.lifetime.life/locations/ga/sugarloaf/amenities.html",,"+1-678-226-2099","https://findsaunaplunge.com/venue/life-time-sugarloaf-atlanta-ga/"
"life-time-woodstock-atlanta-ga","Life Time Woodstock","brand_import","2026-08-26","life-time","14200 Hwy 92","Woodstock","GA","30188","atlanta-ga","Atlanta","34.08083199","-84.4544654","cold_plunge|steam_room|traditional_sauna","communal",,,,"",,,,,"Mon–Fri 4:00am–12:00am, Sat–Sun 6:00am–11:00pm","https://www.lifetime.life/locations/ga/woodstock/amenities.html",,"+1-770-926-7544","https://findsaunaplunge.com/venue/life-time-woodstock-atlanta-ga/"
"alive-and-well-austin-austin-tx","Alive and Well Austin","community","2026-08-01","alive-and-well","3944 Ranch Road 620 S, Bldg 6 Ste 100","Bee Cave","TX","78738","austin-tx","Austin","30.311106","-97.94683","cold_plunge|traditional_sauna|infrared_sauna|red_light|compression","unpublished",,,"125","","42","47","150","195","Mon–Fri 9:00am–8:00pm, Sat 9:00am–6:00pm, Sun 10:00am–5:00pm","https://aliveandwell.health/pages/locations/austin","https://aliveandwell.health/pages/book-appointments","+1-512-580-5775","https://findsaunaplunge.com/venue/alive-and-well-austin-austin-tx/"
"bathe-austin-tx","BATHE","community","2026-08-24",,"2922 E Cesar Chavez","Austin","TX","78702","austin-tx","Austin","30.255896","-97.731707","cold_plunge|traditional_sauna|steam_room","communal",,,"199","",,,,,"Open daily 8:00am–10:00pm","https://www.batheaustin.com/","https://momence.com/BATHE/appointment-reservation/47810?boardId=124049","+1-512-275-6942","https://findsaunaplunge.com/venue/bathe-austin-tx/"
"cedar-banya-austin-tx","Cedar Banya","community","2026-08-01",,"753 S Bell Blvd","Cedar Park","TX","78613","austin-tx","Austin","30.502112","-97.817633","cold_plunge|traditional_sauna|steam_room","mixed","50",,"150","",,,,,,"https://cedarbanya.com/","https://cedarbanya.com/single-visit-pass/","+1-737-252-5553","https://findsaunaplunge.com/venue/cedar-banya-austin-tx/"
"ceremony-a-social-spa-austin-tx","Ceremony - A Social Spa","community","2026-08-06",,"1706 S. Lamar Blvd","Austin","TX","78704","austin-tx","Austin","30.250521","-97.766281","cold_plunge|traditional_sauna","communal",,,"192","","40","55","180","195","Mon–Fri 10:00am–11:00pm, Sat–Sun 8:00am–11:00pm","https://ceremonyspa.com/","https://ceremonyspa.com/book-an-appointment/","+1-512-671-0224","https://findsaunaplunge.com/venue/ceremony-a-social-spa-austin-tx/"
"contrast-austin-tx","CØNTRAST","community","2026-08-24",,"1915 E Martin Luther King Jr Blvd #101","Austin","TX","78702","austin-tx","Austin","30.279661","-97.72018","cold_plunge|traditional_sauna|infrared_sauna|red_light","mixed","29",,"144","",,,,,"Sun–Thu 10:00am–9:00pm, Fri–Sat 10:00am–10:00pm","https://contrastatx.com/","https://contrastatx.com/","+1-512-743-9956","https://findsaunaplunge.com/venue/contrast-austin-tx/"
"contrast-collective-austin-tx","Contrast Collective","community","2026-08-01",,"3241 E Martin Luther King Jr Blvd","Austin","TX","78721","austin-tx","Austin","30.282719","-97.702058","cold_plunge|traditional_sauna","private_suite","35",,,"","39","39","180","180",,"https://www.contrast-collective.com/en","https://www.contrast-collective.com/auth",,"https://findsaunaplunge.com/venue/contrast-collective-austin-tx/"
"generator-athlete-lab-austin-tx","Generator Athlete Lab","community","2026-08-01",,"800 W Cesar Chavez St #PP120","Austin","TX","78701","austin-tx","Austin","30.266283","-97.752599","cold_plunge|infrared_sauna|red_light|compression","private_suite","75",,"179","","46","52",,,,"https://www.generatorathletelab.com","https://www.generatorathletelab.com/schedule","+1-512-614-2200","https://findsaunaplunge.com/venue/generator-athlete-lab-austin-tx/"
"kuya-wellness-austin-tx","Kuya Wellness","community","2026-08-01",,"4401 Freidrich Ln Unit 300","Austin","TX","78744","austin-tx","Austin","30.208939","-97.749879","cold_plunge|traditional_sauna|float","communal",,"65","249","",,,,,"Mon–Fri 7:30am–9:00pm, Sat–Sun 9:00am–9:00pm","https://kuyawellness.com/","https://kuyawellness.zenoti.com/webstoreNew/2177a027-50bd-46d1-89c2-3378ceeef2d7","+1-512-535-6594","https://findsaunaplunge.com/venue/kuya-wellness-austin-tx/"
"melt-well-sauna-plunge-studio-austin-tx","Melt Well — Sauna & Plunge Studio","community","2026-08-01",,"5400 Brodie Lane, Suite 250","Austin","TX","78745","austin-tx","Austin","30.228888","-97.822742","cold_plunge|infrared_sauna|red_light","private_suite",,,"189","",,,,,"Mon–Fri 8:00am–8:00pm, Sat–Sun 8:00am–6:00pm","https://www.melt-well.com/austin","https://clients.mindbodyonline.com/classic/ws?studioid=5744169","+1-512-844-7585","https://findsaunaplunge.com/venue/melt-well-sauna-plunge-studio-austin-tx/"
"sauna-house-austin-north-loop-austin-tx","Sauna House — Austin North Loop","community","2026-08-01",,"1507 W North Loop Blvd","Austin","TX","78756","austin-tx","Austin","30.321318","-97.729847","cold_plunge|traditional_sauna","communal",,,,"",,,,,"Sun 9:00am-10:00pm, Mon 4:00pm-10:00pm, Tue closed, Wed-Fri 12:00pm-10:00pm, Sat 9:00am-10:00pm","https://www.saunahouse.com/pages/austin-north-loop","https://book.saunahouse.com/","+1-512-596-3303","https://findsaunaplunge.com/venue/sauna-house-austin-north-loop-austin-tx/"
"the-ocean-lab-austin-tx","The Ocean Lab","community","2026-08-01",,"3314 Harmon Ave","Austin","TX","78705","austin-tx","Austin","30.291633","-97.723422","cold_plunge|infrared_sauna|float|pemf","mixed","25",,"199","","40","50",,,,"https://oceanlabatx.com/","https://oceanlabatx.as.me/schedule/57a55f3d","+1-512-488-1710","https://findsaunaplunge.com/venue/the-ocean-lab-austin-tx/"
"perspire-sauna-studio-austin-southwest-austin-tx","Perspire Sauna Studio — Austin Southwest","community","2026-08-16",,"4404 West William Cannon Drive Suite C","Austin","TX","78749","austin-tx","Austin","30.222796","-97.839497","infrared_sauna|red_light","private_suite","60",,"129","",,,,,"Mon-Thu 7:00 AM-9:00 PM; Fri 7:00 AM-7:00 PM; Sat-Sun 8:00 AM-7:00 PM","https://www.perspiresaunastudio.com/locations/austin-southwest",,"+1-512-420-4943","https://findsaunaplunge.com/venue/perspire-sauna-studio-austin-southwest-austin-tx/"
"perspire-sauna-studio-georgetown-tx","Perspire Sauna Studio — Georgetown","community","2026-08-16",,"1013 West University Avenue Ste 140","Georgetown","TX","78628","austin-tx","Austin","30.632939","-97.694772","infrared_sauna|red_light","private_suite","50",,"99","",,,,,"Mon-Fri 7:00 AM-9:00 PM; Sat-Sun 8:00 AM-8:00 PM","https://www.perspiresaunastudio.com/tx/georgetown/",,"+1-737-290-0153","https://findsaunaplunge.com/venue/perspire-sauna-studio-georgetown-tx/"
"restore-hyper-wellness-mueller-austin-tx","Restore Hyper Wellness - Mueller","community","2026-08-16",,"1911 Aldrich Street","Austin","TX","78723","austin-tx","Austin","30.298354","-97.704842","cryotherapy|infrared_sauna|compression|red_light","unpublished",,,"190","",,,,,"Mon-Fri 10AM-7PM; Sat-Sun 10AM-5PM","https://www.restore.com/locations/tx-austin-mueller-tx010",,"+1-512-330-4839","https://findsaunaplunge.com/venue/restore-hyper-wellness-mueller-austin-tx/"
"restore-hyper-wellness-south-lamar-austin-tx","Restore Hyper Wellness - South Lamar","community","2026-08-16",,"1100 S Lamar Blvd, Suite 2114","Austin","TX","78704","austin-tx","Austin","30.255509","-97.761884","cryotherapy|infrared_sauna|compression|red_light","unpublished",,,"190","",,,,,"Mon-Fri 10AM-7PM; Sat-Sun 10AM-5PM","https://www.restore.com/locations/tx-austin-south-lamar-tx024",,"+1-512-291-3156","https://findsaunaplunge.com/venue/restore-hyper-wellness-south-lamar-austin-tx/"
"icryo-south-austin-austin-tx","iCRYO — South Austin","community","2026-08-16",,"4211 S Lamar Blvd. B4","Austin","TX","78704","austin-tx","Austin","30.236439","-97.79207","cryotherapy|infrared_sauna|red_light|compression","unpublished",,,,"",,,,,"Mon-Fri 9am-8pm; Sat 9am-5pm; Sun 10am-4pm","https://icryo.com/location/austin-tx/",,"+1-512-761-3880","https://findsaunaplunge.com/venue/icryo-south-austin-austin-tx/"
"hotworx-austin-n-lamar-austin-tx","HOTWORX - Austin (N. Lamar)","community","2026-08-16",,"5629 N Lamar Blvd., Suite 110","Austin","TX","78751","austin-tx","Austin","30.324572","-97.727137","infrared_sauna","unpublished",,,,"",,,,,"24/7 member access; staffed Mon-Thu 11am-8pm, Fri 9am-6pm, Sat 9am-2pm","https://www.hotworx.net/studio/austin-n-lamar/",,"+1-512-631-6011","https://findsaunaplunge.com/venue/hotworx-austin-n-lamar-austin-tx/"
"beanyology-round-rock-tx","Beanyology","community","2026-08-16",,"2301 Red Bud Ln #200","Round Rock","TX","78664","austin-tx","Austin","30.499242","-97.613254","infrared_sauna|cold_plunge","unpublished",,,,"",,,,,"Mon 7AM-3PM; Tue 7AM-3PM; Wed-Fri 7AM-7PM; Sat 7AM-3PM; Sun 12PM-7PM","https://www.beanyology.com/sauna-and-cold-plunge",,"+1-620-290-6419","https://findsaunaplunge.com/venue/beanyology-round-rock-tx/"
"evolve-round-rock-tx","Evolve Round Rock","community","2026-08-16",,"2601 S I-35 Frontage Rd, Suite B600","Round Rock","TX","78681","austin-tx","Austin","30.4861","-97.6791","traditional_sauna|infrared_sauna|cold_plunge|red_light|compression","communal","49",,"119","",,,"170","200","Open daily 10am-8pm","https://roundrock.evolvehumanlabs.com/",,"+1-512-270-6080","https://findsaunaplunge.com/venue/evolve-round-rock-tx/"
"east-austin-athletic-club-austin-tx","East Austin Athletic Club — Recovery Room","community","2026-08-16",,"4909 E Cesar Chavez St, Suite C","Austin","TX","78702","austin-tx","Austin","30.251584","-97.701383","traditional_sauna|cold_plunge","unpublished",,,"89","",,,,,,"https://www.eastaustinathleticclub.com/recovery-room",,"+1-512-382-7877","https://findsaunaplunge.com/venue/east-austin-athletic-club-austin-tx/"
"perspire-sauna-studio-hill-country-galleria-bee-cave-tx","Perspire Sauna Studio — Hill Country Galleria","community","2026-08-16",,"13500 Galleria Circle Suite U-110","Bee Cave","TX","78738","austin-tx","Austin","30.309718","-97.939154","infrared_sauna|red_light","private_suite","60",,"129","",,,,,"Mon-Fri 7:00 AM-9:00 PM; Sat-Sun 8:00 AM-8:00 PM","https://www.perspiresaunastudio.com/locations/hill-country-galleria",,"+1-512-827-0060","https://findsaunaplunge.com/venue/perspire-sauna-studio-hill-country-galleria-bee-cave-tx/"
"texas-family-chiropractic-infrared-sauna-pflugerville-tx","Texas Family Chiropractic — Infrared Sauna","community","2026-08-16",,"16301 Yellow Sage St","Pflugerville","TX","78660","austin-tx","Austin","30.44999","-97.640149","infrared_sauna","unpublished",,,,"",,,,,"Mon/Wed/Thu 8:30-12:00 & 2:30-6:00; Tue 10:00-12:00 & 2:30-6:00; Fri 8:30-12:00; Sat by appt","https://www.texasfamilychiropractic.com/infrared-sauna/",,"+1-512-252-9444","https://findsaunaplunge.com/venue/texas-family-chiropractic-infrared-sauna-pflugerville-tx/"
"life-time-austin-north-austin-tx","Life Time Austin - North","brand_import","2026-08-26","life-time","13725 Ranch Rd 620 N","Austin","TX","78717","austin-tx","Austin","30.47294554","-97.77410286","cold_plunge|traditional_sauna|steam_room","communal",,,,"",,,,,"Mon–Fri 4:00am–12:00am, Sat–Sun 5:00am–11:00pm","https://www.lifetime.life/locations/tx/austin-north/amenities.html",,"+1-512-219-0909","https://findsaunaplunge.com/venue/life-time-austin-north-austin-tx/"
"life-time-austin-south-austin-tx","Life Time Austin - South","brand_import","2026-08-26","life-time","7101 S Mopac Expy","Austin","TX","78749","austin-tx","Austin","30.21558555","-97.83962808","cold_plunge|steam_room|traditional_sauna","communal",,,,"",,,,,"Mon–Fri 4:00am–12:00am, Sat–Sun 5:00am–11:00pm","https://www.lifetime.life/locations/tx/austin-south/amenities.html",,"+1-512-358-8171","https://findsaunaplunge.com/venue/life-time-austin-south-austin-tx/"
"life-time-south-lamar-austin-tx","Life Time South Lamar","brand_import","2026-08-26","life-time","1301 South Lamar Blvd Suite 100","Austin","TX","78704","austin-tx","Austin","30.25378241","-97.7627019","cold_plunge|steam_room|traditional_sauna","communal",,,,"",,,,,"Mon–Fri 4:00am–11:00pm, Sat–Sun 6:00am–10:00pm","https://www.lifetime.life/locations/tx/south-lamar/amenities.html",,"+1-512-275-4700","https://findsaunaplunge.com/venue/life-time-south-lamar-austin-tx/"
"moki-sauna-allston-boston-ma","Moki Sauna Allston","community","2026-08-16",,"267 Western Ave","Boston","MA","02134","boston-ma","Boston","42.363314","-71.132264","traditional_sauna|cold_plunge","unpublished","59",,,"",,,,,,"https://www.mokisauna.com/allston","https://www.mokisauna.com/allston","+1-617-221-8497","https://findsaunaplunge.com/venue/moki-sauna-allston-boston-ma/"
"moki-sauna-south-boston-boston-ma","Moki Sauna South Boston","community","2026-08-16",,"385 Dorchester Ave","Boston","MA","02127","boston-ma","Boston","42.334971","-71.057133","traditional_sauna|cold_plunge","unpublished","59",,,"",,,,,,"https://www.mokisauna.com/southie","https://www.mokisauna.com/southie","+1-617-221-8497","https://findsaunaplunge.com/venue/moki-sauna-south-boston-boston-ma/"
"frost-and-float-newton-ma","Frost & Float","community","2026-08-16",,"1201 Washington St","Newton","MA","02465","boston-ma","Boston","42.349305","-71.223013","cryotherapy|infrared_sauna|float","unpublished","46",,,"",,,,,,"https://www.frostandfloatspa.com/","https://www.frostandfloatspa.com/pricing/","+1-617-795-5444","https://findsaunaplunge.com/venue/frost-and-float-newton-ma/"
"float-boston-somerville-ma","Float Boston","community","2026-08-24",,"515 Medford Street","Somerville","MA","02145","boston-ma","Boston","42.396517","-71.10366","infrared_sauna|cold_plunge|cryotherapy|float|red_light","private_suite","75",,"65","",,,,,,"https://floatboston.com/","https://floatboston.com/contrast-therapy","+1-617-875-0725","https://findsaunaplunge.com/venue/float-boston-somerville-ma/"
"republic-fitness-davis-square-restore-spa-somerville-ma","Republic Fitness Davis Square - Restore Spa","community","2026-08-16",,"393 Highland Avenue","Somerville","MA","02143","boston-ma","Boston","42.395584","-71.120063","cold_plunge|traditional_sauna|steam_room","communal",,,,"",,,,,,"https://republicbos.com/davis-square/classes/restore-spa/","https://republicbos.com/davis-square/","+1-617-547-1229","https://findsaunaplunge.com/venue/republic-fitness-davis-square-restore-spa-somerville-ma/"
"restore-hyper-wellness-newton-ma","Restore Hyper Wellness Newton","community","2026-08-16",,"55 Needham St","Newton","MA","02461","boston-ma","Boston","42.315073","-71.210729","cryotherapy|infrared_sauna|red_light|compression","unpublished",,,,"",,,,,"Mon closed, Tue-Fri 10am-7pm, Sat 9am-5pm, Sun 11am-5pm","https://www.restore.com/local/cryotherapy-ma-newton-ma003","https://www.restore.com/local/cryotherapy-ma-newton-ma003","+1-617-467-5728","https://findsaunaplunge.com/venue/restore-hyper-wellness-newton-ma/"
"iv-league-hydration-l-street-boston-ma","IV League Hydration - L Street (Fire & Ice Contrast Therapy)","community","2026-08-16",,"47 L Street","Boston","MA","02127","boston-ma","Boston","42.336656","-71.035524","infrared_sauna|cold_plunge","private_suite",,,,"","45","55",,,,"https://ivleaguehydrate.com/fire-and-ice","https://www.vagaro.com/ivleaguehydrationlstreet","+1-800-905-4252","https://findsaunaplunge.com/venue/iv-league-hydration-l-street-boston-ma/"
"kelo-spa-newton-ma","Kelo Spa & Steam","community","2026-08-16",,"1639 Centre Street","Newton","MA","02461","boston-ma","Boston","42.32048","-71.205197","traditional_sauna|steam_room|cold_plunge","unpublished","89",,,"",,,,,,"https://www.kelospa.com/","https://www.kelospa.com/","+1-800-858-2113","https://findsaunaplunge.com/venue/kelo-spa-newton-ma/"
"b-spoke-south-boston-revive-boston-ma","B/SPOKE South Boston - REVIVE Recovery","community","2026-08-16",,"54 Old Colony Ave","Boston","MA","02127","boston-ma","Boston","42.33632","-71.056005","infrared_sauna|cold_plunge","communal",,,,"",,,,,,"https://bspokestudios.com/class-description/recovery-program/","https://bspokestudios.com/studios/south-boston/","+1-617-315-0339","https://findsaunaplunge.com/venue/b-spoke-south-boston-revive-boston-ma/"
"healthworks-back-bay-restore-spa-boston-ma","Healthworks Back Bay - Restore Spa","community","2026-08-16",,"441 Stuart Street","Boston","MA","02116","boston-ma","Boston","42.348513","-71.075833","cold_plunge|traditional_sauna|steam_room","unpublished",,,,"",,,,,"Mon-Fri 5:30am-9pm","https://healthworksfitness.com/","https://healthworksfitness.com/","+1-617-859-7700","https://findsaunaplunge.com/venue/healthworks-back-bay-restore-spa-boston-ma/"
"healthworks-cambridge-restore-spa-cambridge-ma","Healthworks Cambridge - Restore Spa","community","2026-08-16",,"35 White St","Cambridge","MA","02140","boston-ma","Boston","42.388998","-71.118342","cold_plunge|infrared_sauna|steam_room","unpublished",,,,"",,,,,"Mon-Thu 5:30am-10pm","https://healthworksfitness.com/cambridge/","https://healthworksfitness.com/cambridge/","+1-617-497-4454","https://findsaunaplunge.com/venue/healthworks-cambridge-restore-spa-cambridge-ma/"
"healthworks-coolidge-corner-brookline-ma","Healthworks Coolidge Corner","community","2026-08-16",,"325 Harvard St","Brookline","MA","02446","boston-ma","Boston","42.343615","-71.123546","traditional_sauna|steam_room","unpublished",,,,"",,,,,"Mon-Fri 5:30am-9pm","https://healthworksfitness.com/coolidge-corner/","https://healthworksfitness.com/coolidge-corner/","+1-617-731-3030","https://findsaunaplunge.com/venue/healthworks-coolidge-corner-brookline-ma/"
"cloud-9-float-wellness-boston-ma","Cloud-9 Float & Wellness","community","2026-08-16",,"162 South Street","Boston","MA","02130","boston-ma","Boston","42.304432","-71.114624","infrared_sauna|float|pemf","unpublished",,,,"",,,,,"9am-10pm daily","https://www.cloud9boston.com/","http://cloud9boston.floathelm.com/store","+1-617-942-2644","https://findsaunaplunge.com/venue/cloud-9-float-wellness-boston-ma/"
"backyard-boston-boston-ma","Backyard Boston","community","2026-08-16",,"5 & 15 Necco St","Boston","MA","02210","boston-ma","Boston","42.34928","-71.050896","cold_plunge|traditional_sauna","unpublished",,,,"",,,,,"Mon-Thu 5am-8pm","https://www.backyardbos.com/recovery","https://www.backyardbos.com/book",,"https://findsaunaplunge.com/venue/backyard-boston-boston-ma/"
"restore-hyper-wellness-somerville-ma","Restore Hyper Wellness Somerville","community","2026-08-16",,"340 Grand Union Blvd., Unit C","Somerville","MA","02145","boston-ma","Boston",,,"cryotherapy|infrared_sauna|red_light|compression","unpublished",,,,"",,,,,"Mon-Thu 10am-7pm, Fri 10am-6pm, Sat 9am-5pm, Sun 11am-5pm","https://www.restore.com/local/cryotherapy-ma-somerville-ma014","https://www.restore.com/local/cryotherapy-ma-somerville-ma014","+1-617-600-3660","https://findsaunaplunge.com/venue/restore-hyper-wellness-somerville-ma/"
"life-time-prudential-center-boston-ma","Life Time Prudential Center","community","2026-08-16",,"800 Boylston Street Space 179","Boston","MA","02199","boston-ma","Boston","42.348748","-71.082131","cold_plunge|traditional_sauna","unpublished",,,,"",,,,,"opens 4:00am (Monday)","https://www.lifetime.life/locations/ma/prudential-center.html","https://www.lifetime.life/locations/ma/prudential-center.html","+1-617-595-4150","https://findsaunaplunge.com/venue/life-time-prudential-center-boston-ma/"
"life-time-chestnut-hill-boston-ma","Life Time Chestnut Hill","brand_import","2026-08-26","life-time","300 Boylston St.","Chestnut Hill","MA","02467","boston-ma","Boston","42.31915514","-71.17982089","cold_plunge|steam_room|traditional_sauna","communal",,,,"",,,,,"Mon–Thu 4:00am–11:00pm, Fri 4:00am–10:00pm, Sat–Sun 6:00am–10:00pm","https://www.lifetime.life/locations/ma/chestnut-hill/amenities.html",,"+1-781-797-2000","https://findsaunaplunge.com/venue/life-time-chestnut-hill-boston-ma/"
"life-time-northshore-boston-ma","Life Time Northshore","brand_import","2026-08-26","life-time","210 Andover Street, Suite #LL11","Peabody","MA","01960","boston-ma","Boston","42.5422563","-70.9429363","cold_plunge|steam_room|traditional_sauna","communal",,,,"",,,,,"Mon–Thu 4:00am–11:00pm, Fri 4:00am–10:00pm, Sat–Sun 5:00am–10:00pm","https://www.lifetime.life/locations/ma/northshore/amenities.html",,"+1-978-817-3700","https://findsaunaplunge.com/venue/life-time-northshore-boston-ma/"
"chicago-bath-house-chicago-il","Chicago Bath House","community","2026-08-16",,"1914 W Division St","Chicago","IL","60622","chicago-il","Chicago","41.903275","-87.675432","traditional_sauna|cold_plunge","communal",,"50",,"",,,,,"Mon-Thu: 10am-11pm, Fri: 10am-12am, Sat: 7am-12am, Sun: 7am-11pm","https://www.bathhousechicago.com/",,"+1-773-227-2284","https://findsaunaplunge.com/venue/chicago-bath-house-chicago-il/"
"king-spa-sauna-niles-il","King Spa & Sauna","community","2026-08-16",,"809 Civic Center Dr","Niles","IL","60714","chicago-il","Chicago","42.02268","-87.801487","traditional_sauna|steam_room|cold_plunge","communal",,"75",,"",,,,,"Open 24 hours a day, 7 days a week, 365 days a year (new-arrival entry paused 2:00am-6:00am).","https://chi.kingspa.com/",,"+1-847-972-2540","https://findsaunaplunge.com/venue/king-spa-sauna-niles-il/"
"sky-spa-sauna-buffalo-grove-il","Sky Spa Sauna","community","2026-08-16",,"1501 Busch Pkwy","Buffalo Grove","IL","60089","chicago-il","Chicago","42.171654","-87.924957","traditional_sauna|steam_room","mixed",,"55",,"",,,,,"Mon-Fri: 3pm-11pm, Sat-Sun: 12pm-11pm","https://skyspasauna.com/",,"+1-847-243-4049","https://findsaunaplunge.com/venue/sky-spa-sauna-buffalo-grove-il/"
"perspire-sauna-studio-lakeview-chicago-il","Perspire Sauna Studio - Lakeview","community","2026-08-16",,"3320 N Broadway","Chicago","IL","60657","chicago-il","Chicago","41.942518","-87.644553","infrared_sauna","private_suite","30",,"199","",,,,,"Mon-Fri 7:00 AM - 8:00 PM, Sat-Sun 8:00 AM - 6:00 PM","https://www.perspiresaunastudio.com/locations/lakeview","https://www.perspiresaunastudio.com/locations/lakeview","+1-872-804-3412","https://findsaunaplunge.com/venue/perspire-sauna-studio-lakeview-chicago-il/"
"perspire-sauna-studio-west-loop-chicago-il","Perspire Sauna Studio - West Loop","community","2026-08-16",,"1208 W Madison St","Chicago","IL","60607","chicago-il","Chicago","41.881704","-87.657423","infrared_sauna","private_suite","30",,"199","",,,,,"Mon-Fri 7:00 AM - 8:00 PM, Sat-Sun 8:00 AM - 6:00 PM","https://www.perspiresaunastudio.com/locations/west-loop","https://www.perspiresaunastudio.com/locations/west-loop","+1-312-521-0909","https://findsaunaplunge.com/venue/perspire-sauna-studio-west-loop-chicago-il/"
"perspire-sauna-studio-downers-grove-il","Perspire Sauna Studio - Downers Grove","community","2026-08-16",,"640 Ogden Ave Unit D","Downers Grove","IL","60515","chicago-il","Chicago","41.809418","-88.00072","infrared_sauna","private_suite","30",,"199","",,,,,"Mon-Fri 7:00 AM - 8:00 PM, Sat-Sun 8:00 AM - 6:00 PM","https://www.perspiresaunastudio.com/locations/downers-grove","https://www.perspiresaunastudio.com/locations/downers-grove","+1-630-324-7161","https://findsaunaplunge.com/venue/perspire-sauna-studio-downers-grove-il/"
"restore-hyper-wellness-west-loop-chicago-il","Restore Hyper Wellness - West Loop","community","2026-08-16",,"24 S Halsted St","Chicago","IL","60661","chicago-il","Chicago","41.881453","-87.647429","infrared_sauna|cryotherapy","unpublished",,,"240","",,,,,"Mon-Thu 11AM-7PM, Fri 10AM-6PM, Sat 9AM-4PM, Sun 11AM-5PM","https://www.restore.com/locations/il-chicago-west-loop-il011","https://www.restore.com/locations/il-chicago-west-loop-il011","+1-312-526-3842","https://findsaunaplunge.com/venue/restore-hyper-wellness-west-loop-chicago-il/"
"restore-hyper-wellness-lincoln-park-chicago-il","Restore Hyper Wellness - Lincoln Park","community","2026-08-16",,"2473 N Clark St","Chicago","IL","60614","chicago-il","Chicago","41.92744","-87.641506","infrared_sauna|cryotherapy","unpublished",,,"240","",,,,,"Mon-Thu 11AM-7PM, Fri 10AM-6PM, Sat 9AM-4PM, Sun 11AM-5PM","https://www.restore.com/locations/il-chicago-lincoln-park-il017","https://www.restore.com/locations/il-chicago-lincoln-park-il017","+1-312-779-6714","https://findsaunaplunge.com/venue/restore-hyper-wellness-lincoln-park-chicago-il/"
"restore-hyper-wellness-evanston-il","Restore Hyper Wellness - Evanston","community","2026-08-16",,"2650 Green Bay Rd","Evanston","IL","60201","chicago-il","Chicago","42.065776","-87.70032","infrared_sauna|cryotherapy","unpublished",,,"240","",,,,,"Mon-Fri 10AM-6PM, Sat 9AM-5PM, Sun 11AM-5PM","https://www.restore.com/locations/il-evanston-il003","https://www.restore.com/locations/il-evanston-il003","+1-847-563-8743","https://findsaunaplunge.com/venue/restore-hyper-wellness-evanston-il/"
"icryo-edgewater-chicago-il","iCRYO Edgewater","community","2026-08-16",,"1130 W Granville Ave","Chicago","IL","60660","chicago-il","Chicago","41.994619","-87.659439","cryotherapy|infrared_sauna|compression|red_light","unpublished",,,,"",,,,,"Mon-Fri 8am-8pm, Sat 9am-6pm, Sun 10am-4pm","https://icryo.com/location/chicago-il-edgewater/","https://icryo.com/location/chicago-il-edgewater/","+1-773-217-8776","https://findsaunaplunge.com/venue/icryo-edgewater-chicago-il/"
"goat-wellness-river-north-chicago-il","GOAT Wellness","community","2026-08-16",,"407 W Chicago Ave","Chicago","IL","60654","chicago-il","Chicago","41.896472","-87.639032","cryotherapy|infrared_sauna","unpublished",,,,"",,,,,"Mon-Fri 8AM-8PM","https://www.goatchicago.com/","https://www.goatchicago.com/pricing","+1-312-568-6821","https://findsaunaplunge.com/venue/goat-wellness-river-north-chicago-il/"
"eastend-wellness-club-chicago-il","Eastend Wellness Club","community","2026-08-16",,"1132 W Fulton Market","Chicago","IL","60607","chicago-il","Chicago","41.886742","-87.655781","traditional_sauna|cold_plunge","unpublished","45",,"195","",,,"180","194",,"https://practiceeastend.com/","https://practiceeastend.com/treatments/finnish-sauna-cold-plunge","+1-312-754-0324","https://findsaunaplunge.com/venue/eastend-wellness-club-chicago-il/"
"contrast-hot-cold-chicago-il","Contrast Hot + Cold","community","2026-08-26",,"738 N Milwaukee Ave","Chicago","IL","60642","chicago-il","Chicago","41.895459","-87.654323","infrared_sauna|cold_plunge","mixed",,,,"","45","55","150","150","Mon-Fri 7AM-12PM & 3PM-8PM, Sat-Sun 9AM-6PM","https://contrasthotcold.com/","https://contrasthotcold.com/join-us/",,"https://findsaunaplunge.com/venue/contrast-hot-cold-chicago-il/"
"bian-chicago-il","BIAN","community","2026-08-16",,"600 W Chicago Ave, Suite 001","Chicago","IL","60654","chicago-il","Chicago","41.896533","-87.643081","cold_plunge|steam_room|infrared_sauna","communal",,,,"",,,,,"Mon-Fri 5:30am-9:00pm, Sat 7:00am-6:00pm, Sun 8:00am-5:00pm","https://www.livebian.com/","https://livebian.com/faqs","+1-312-625-0845","https://findsaunaplunge.com/venue/bian-chicago-il/"
"spacetime-floatation-center-chicago-il","SpaceTime Floatation Center","community","2026-08-16",,"939 W North Ave, Suite 100","Chicago","IL","60642","chicago-il","Chicago","41.910805","-87.651899","infrared_sauna|float","unpublished","48",,,"",,,,,"Mon-Fri 10am-8pm, Sat-Sun 10am-6pm","https://floatspacetime.com/","https://floatspacetime.com/book-now/","+1-312-285-2127","https://findsaunaplunge.com/venue/spacetime-floatation-center-chicago-il/"
"wattage-west-loop-chicago-il","Wattage - Recovery Room","community","2026-08-16",,"1044 W Kinzie St","Chicago","IL","60642","chicago-il","Chicago","41.889037","-87.653933","traditional_sauna|cold_plunge","private_suite","45",,,"",,,,,,"https://www.wattagept.com/recovery-room","https://www.wattagept.com/recovery-room","+1-312-265-0492","https://findsaunaplunge.com/venue/wattage-west-loop-chicago-il/"
"aire-ancient-baths-chicago-il","AIRE Ancient Baths Chicago","community","2026-08-16",,"800 W Superior St","Chicago","IL","60642","chicago-il","Chicago","41.895616","-87.647795","cold_plunge|steam_room","unpublished",,,,"",,,,,"Phone assistance for booking available Monday to Sunday, 9:00 AM to 10:00 PM.","https://beaire.com/en/aire-ancient-baths-chicago","https://beaire.com/en/aire-ancient-baths-chicago/experiences","+1-312-312-9610","https://findsaunaplunge.com/venue/aire-ancient-baths-chicago-il/"
"defined-training-recovery-room-chicago-il","Defined Training - Recovery Room","community","2026-08-16",,"3834 N Broadway","Chicago","IL","60613","chicago-il","Chicago","41.952163","-87.649713","traditional_sauna|cold_plunge","mixed",,,,"",,,,,"Mon 5:00 AM-9 PM, Tue 5:00 AM-9 PM, Wed 5:00 AM-9 PM, Thu 5:00 AM-8 PM, Fri 5:00 AM-8 PM, Sat 8 AM-1:00 PM, Sun 9-11:30 AM","https://www.defined.training/programs/sauna-cold-plunge","https://www.defined.training/programs/sauna-cold-plunge",,"https://findsaunaplunge.com/venue/defined-training-recovery-room-chicago-il/"
"hotworx-river-north-chicago-il","HOTWORX - Chicago, IL (River North)","community","2026-08-16",,"676 N LaSalle Dr","Chicago","IL","60654","chicago-il","Chicago","41.89464","-87.632824","infrared_sauna","private_suite",,,,"",,,,,"Open 24 hours daily; staffed Mon-Thu 11am-8pm, Fri 9am-6pm, Sat 9am-2pm","https://www.hotworx.net/studio/chicago-rivernorth","https://www.hotworx.net/studio/chicago-rivernorth","+1-872-266-0080","https://findsaunaplunge.com/venue/hotworx-river-north-chicago-il/"
"hotworx-mt-greenwood-chicago-il","HOTWORX - Chicago, IL (Mt Greenwood)","community","2026-08-16",,"3235 W 111th St","Chicago","IL","60655","chicago-il","Chicago","41.69149","-87.70215","infrared_sauna","private_suite",,,,"",,,,,"Open 24 hours daily; staffed Mon-Thu 11am-8pm, Fri 9am-6pm, Sat 9am-2pm","https://www.hotworx.net/studio/chicago-mt-greenwood","https://www.hotworx.net/studio/chicago-mt-greenwood","+1-773-514-4233","https://findsaunaplunge.com/venue/hotworx-mt-greenwood-chicago-il/"
"perspire-sauna-studio-naperville-il","Perspire Sauna Studio - Naperville","community","2026-08-16",,"1301 S Naper Blvd","Naperville","IL","60540","chicago-il","Chicago","41.750346","-88.115095","infrared_sauna","private_suite","30",,"199","",,,,,"Mon-Fri 7:00 AM - 8:00 PM, Sat-Sun 8:00 AM - 6:00 PM","https://www.perspiresaunastudio.com/il/naperville/","https://www.perspiresaunastudio.com/il/naperville/","+1-630-796-6632","https://findsaunaplunge.com/venue/perspire-sauna-studio-naperville-il/"
"fire-ice-sauna-bolingbrook-il","Fire & Ice Sauna","community","2026-08-16",,"726 E Boughton Rd","Bolingbrook","IL","60440","chicago-il","Chicago","41.723473","-88.038571","traditional_sauna|cold_plunge","communal","40",,"99","",,,,,,"https://fireiceco.com/","https://fireiceco.com/products/single-entry-pass","+1-630-716-9101","https://findsaunaplunge.com/venue/fire-ice-sauna-bolingbrook-il/"
"restore-hyper-wellness-oakbrook-terrace-il","Restore Hyper Wellness - Oakbrook Terrace","community","2026-08-16",,"17W701 E Roosevelt Rd","Oakbrook Terrace","IL","60181","chicago-il","Chicago","41.860084","-87.974138","infrared_sauna|cryotherapy","unpublished",,,"240","",,,,,"Mon-Fri 10AM-6PM, Sat 9AM-5PM, Sun 11AM-5PM","https://www.restore.com/locations/il-oakbrook-terrace-il023","https://www.restore.com/locations/il-oakbrook-terrace-il023","+1-630-359-5420","https://findsaunaplunge.com/venue/restore-hyper-wellness-oakbrook-terrace-il/"
"restore-hyper-wellness-northbrook-il","Restore Hyper Wellness - Northbrook","community","2026-08-16",,"936 Willow Rd","Northbrook","IL","60062","chicago-il","Chicago","42.105478","-87.802362","infrared_sauna|cryotherapy","unpublished",,,"240","",,,,,"Mon-Fri 10AM-6PM, Sat 9AM-5PM, Sun 11AM-5PM","https://www.restore.com/locations/il-northbrook-il002","https://www.restore.com/locations/il-northbrook-il002","+1-224-261-8168","https://findsaunaplunge.com/venue/restore-hyper-wellness-northbrook-il/"
"gopolar-cryotherapy-float-spa-westmont-il","GoPolar Cryotherapy & Float Spa","community","2026-08-16",,"230 N Cass Ave","Westmont","IL","60559","chicago-il","Chicago","41.800476","-87.97558","cryotherapy|infrared_sauna|float","unpublished","40",,"150","",,,,,"Mon-Fri 9am-8pm","https://www.gopolarcryotherapy.com/","https://www.gopolarcryotherapy.com/pricing/","+1-630-796-2255","https://findsaunaplunge.com/venue/gopolar-cryotherapy-float-spa-westmont-il/"
"life-time-lake-zurich-chicago-il","Life Time Lake Zurich","brand_import","2026-08-26","life-time","400 North Rand Road","Lake Zurich","IL","60047","chicago-il","Chicago","42.20382987","-88.11044589","cold_plunge|steam_room|traditional_sauna","communal",,,,"",,,,,"Mon–Fri 4:00am–12:00am, Sat–Sun 5:00am–10:00pm","https://www.lifetime.life/locations/il/lake-zurich/amenities.html",,"+1-847-719-9200","https://findsaunaplunge.com/venue/life-time-lake-zurich-chicago-il/"
"life-time-north-shore-sport-and-racquet-chicago-il","Life Time North Shore Sport and Racquet","brand_import","2026-08-26","life-time","1300 Techny Road","Northbrook","IL","60062","chicago-il","Chicago","42.11813855","-87.81311101","cold_plunge|steam_room|traditional_sauna","communal",,,,"",,,,,"Mon–Fri 4:00am–12:00am, Sat–Sun 5:00am–10:00pm","https://www.lifetime.life/locations/il/north-shore-sport-and-racquet/amenities.html",,"+1-224-330-2000","https://findsaunaplunge.com/venue/life-time-north-shore-sport-and-racquet-chicago-il/"
"life-time-oakbrook-chicago-il","Life Time Oakbrook","brand_import","2026-08-26","life-time","2000 Oakbrook Center","Oak Brook","IL","60523","chicago-il","Chicago","41.85281273","-87.95381674","cold_plunge|steam_room|traditional_sauna","communal",,,,"",,,,,"Mon–Fri 4:00am–12:00am, Sat–Sun 5:00am–10:00pm","https://www.lifetime.life/locations/il/oakbrook/amenities.html",,"+1-630-203-5400","https://findsaunaplunge.com/venue/life-time-oakbrook-chicago-il/"
"life-time-river-north-at-one-chicago-chicago-il","Life Time River North at One Chicago","brand_import","2026-08-26","life-time","15 W Chicago Ave","Chicago","IL","60654","chicago-il","Chicago","41.89581121","-87.62831125","cold_plunge|steam_room|traditional_sauna","communal",,,,"",,,,,"Mon–Sun 12:00am–11:59pm","https://www.lifetime.life/locations/il/river-north-one-chicago/amenities.html",,"+1-872-345-8500","https://findsaunaplunge.com/venue/life-time-river-north-at-one-chicago-chicago-il/"
"alive-and-well-dallas-tx","Alive and Well","community","2026-07-31","alive-and-well","4205 Buena Vista St, Ste 250","Dallas","TX","75205","dallas-tx","Dallas","32.817917","-96.794899","cold_plunge|traditional_sauna|red_light|pemf|compression","communal",,"59",,"","42","47","150","195","Mon–Thu 8:00am–8:00pm, Fri–Sat 8:00am–6:00pm, Sun 10:00am–6:00pm","https://aliveandwell.health/dallas/","https://aliveandwell.health/pages/book-appointments","+1-214-919-0444","https://findsaunaplunge.com/venue/alive-and-well-dallas-tx/"
"evolve-human-optimization-labs-dallas-tx","Evolve Human Optimization Labs","community","2026-07-31",,"5400 E Mockingbird Ln, Ste 113","Dallas","TX","75206","dallas-tx","Dallas","32.835942","-96.774806","cold_plunge|traditional_sauna|infrared_sauna|red_light|compression","communal",,,"109","","37","58","135","185","Mon, Wed, Fri 10:00am–8:00pm; Tue, Thu 6:00am–8:00pm; Sat 10:00am–6:00pm; Sun 9:00am–6:00pm","https://www.evolvehumanlabs.com/dallas","https://dallas.evolvehumanlabs.com/day-pass-purchase","+1-469-489-3933","https://findsaunaplunge.com/venue/evolve-human-optimization-labs-dallas-tx/"
"glow-sauna-studios-mockingbird-dallas-tx","Glow Sauna Studios — Mockingbird Station","community","2026-07-31",,"5319 E Mockingbird Ln, Ste 200","Dallas","TX","75206","dallas-tx","Dallas","32.836512","-96.770506","infrared_sauna|red_light","private_suite",,,,"",,,,,"Mon–Thu 8:00am–9:00pm, Fri 8:00am–7:00pm, Sat–Sun 9:00am–6:00pm","https://glowsaunastudios.com/mockingbird-station/","https://glowsaunastudios.com/mockingbird-station/book-appointment/","+1-469-812-4569","https://findsaunaplunge.com/venue/glow-sauna-studios-mockingbird-dallas-tx/"
"king-spa-waterpark-dallas-tx","King Spa & Waterpark Dallas","community","2026-07-31",,"2154 Royal Ln","Dallas","TX","75229","dallas-tx","Dallas","32.895413","-96.906066","traditional_sauna|infrared_sauna|cold_plunge|steam_room","communal",,,,"",,,,,,"https://www.kingspa.com/dallas/",,"+1-214-420-9070","https://findsaunaplunge.com/venue/king-spa-waterpark-dallas-tx/"
"riviera-spa-uptown-knox-dallas-tx","Riviera Spa — Uptown Knox","community","2026-07-31",,"4514 Travis St, Ste 105","Dallas","TX","75205","dallas-tx","Dallas","32.822328","-96.790589","infrared_sauna|cold_plunge|float","private_suite",,,,"",,,,,"Mon–Sat 10:00am–8:00pm, Sun 10:00am–7:00pm","https://rivieraspa.com/dallas/","https://clients.mindbodyonline.com/consumerbooking?studioid=21295","+1-214-521-2112","https://findsaunaplunge.com/venue/riviera-spa-uptown-knox-dallas-tx/"
"saunahouse-recovery-studio-dallas-tx","SaunaHouse Recovery Studio","community","2026-08-15",,"5315 Greenville Ave, Ste 120-A","Dallas","TX","75206","dallas-tx","Dallas","32.851644","-96.770246","infrared_sauna|cold_plunge|red_light|cryotherapy|compression","private_suite","59",,"79","",,,,,,"https://mysaunahouse.com/","https://go.booker.com/location/SaunaHouseRecoveryStudio","+1-214-380-2589","https://findsaunaplunge.com/venue/saunahouse-recovery-studio-dallas-tx/"
"the-spa-at-the-highland-dallas-tx","The Spa at The Highland","community","2026-08-15",,"5300 E Mockingbird Ln, Ste 100","Dallas","TX","75206","dallas-tx","Dallas","32.835865","-96.778324","cold_plunge|infrared_sauna|red_light","private_suite",,,,"",,,,,,"https://thehighlanddallas.com/relax/spa/","https://na.spatime.com/thdc5206/5474571/home","+1-214-560-2800","https://findsaunaplunge.com/venue/the-spa-at-the-highland-dallas-tx/"
"swthz-preston-royal-dallas-tx","SWTHZ Preston Royal","community","2026-07-27","sweathouz","5959 Royal Ln","Dallas","TX","75230","dallas-tx","Dallas","32.894507","-96.806949","infrared_sauna|cold_plunge","private_suite",,,,"",,,,,,"https://sweathouz.com/prestonroyal-book-now/","https://sweathouz.com/intro/preston-royal","+1-972-999-2920","https://findsaunaplunge.com/venue/swthz-preston-royal-dallas-tx/"
"swthz-west-village-dallas-tx","SWTHZ West Village","community","2026-07-27","sweathouz","2910 Cityplace W Blvd, Ste 100","Dallas","TX","75204","dallas-tx","Dallas","32.806848","-96.795864","infrared_sauna|cold_plunge","private_suite",,,,"",,,,,,"https://sweathouz.com/westvillage-book-now/","https://clients.mindbodyonline.com/classic/ws?studioid=5726219","+1-214-432-7372","https://findsaunaplunge.com/venue/swthz-west-village-dallas-tx/"
"yoga-rocks-dallas-tx","Yoga Rocks Dallas","community","2026-07-31",,"8405 Lakeview Pkwy, Suite 200","Rowlett","TX","75088","dallas-tx","Dallas",,,"cold_plunge|infrared_sauna","unpublished","37",,"99","","40","45",,,,"https://www.yogarocksdallas.com/copy-of-cold-plunge",,"+1-972-947-9600","https://findsaunaplunge.com/venue/yoga-rocks-dallas-tx/"
"ment-fitness-design-district-dallas-tx","-MENT Fitness — Design District","community","2026-07-31",,"2025 Irving Blvd, Ste 104","Dallas","TX","75207","dallas-tx","Dallas","32.794917","-96.828513","cold_plunge|traditional_sauna|compression","unpublished",,,"149","",,,,,"Mon–Thu 4:00am–8:30pm, Fri 4:30am–2:00pm, Sat 8:00am–11:00am, Sun closed","https://www.mentfitness.com/locations/design-district",,,"https://findsaunaplunge.com/venue/ment-fitness-design-district-dallas-tx/"
"urban-sweat-dallas-tx","Urban Sweat — Dallas","community","2026-07-31","urban-sweat","5500 Greenville Ave, Ste 214","Dallas","TX","75206","dallas-tx","Dallas","32.851496","-96.769387","infrared_sauna|red_light","unpublished",,,,"",,,,,,"https://urban-sweat.squarespace.com/find-your-location",,,"https://findsaunaplunge.com/venue/urban-sweat-dallas-tx/"
"spa-castle-texas-dallas-tx","Spa Castle Texas","community","2026-07-31",,"1020 Raiford Rd","Carrollton","TX","75007","dallas-tx","Dallas","32.987708","-96.908868","traditional_sauna","communal",,"75",,"",,,,,"Mon–Sun 9:00am–9:30pm","https://tx.spacastleusa.com/",,"+1-972-446-6800","https://findsaunaplunge.com/venue/spa-castle-texas-dallas-tx/"
"life-time-allen-dallas-tx","Life Time Allen","brand_import","2026-08-26","life-time","971 TX-121","Allen","TX","75013","dallas-tx","Dallas","33.14157972","-96.67954945","cold_plunge|steam_room|traditional_sauna","communal",,,,"",,,,,"Mon–Fri 4:00am–12:00am, Sat–Sun 5:00am–11:00pm","https://www.lifetime.life/locations/tx/allen/amenities.html",,"+1-214-383-3500","https://findsaunaplunge.com/venue/life-time-allen-dallas-tx/"
"life-time-flower-mound-dallas-tx","Life Time Flower Mound","brand_import","2026-08-26","life-time","3100 Churchill Dr","Flower Mound","TX","75022","dallas-tx","Dallas","33.03500102","-97.07401185","cold_plunge|steam_room|traditional_sauna","communal",,,,"",,,,,"Mon–Fri 4:00am–12:00am, Sat–Sun 5:00am–11:00pm","https://www.lifetime.life/locations/tx/flower-mound/amenities.html",,"+1-972-355-5000","https://findsaunaplunge.com/venue/life-time-flower-mound-dallas-tx/"
"life-time-garland-dallas-tx","Life Time Garland","brand_import","2026-08-26","life-time","5602 Naaman Forest Blvd","Garland","TX","75044","dallas-tx","Dallas","32.964136","-96.64838992","cold_plunge|steam_room|traditional_sauna","communal",,,,"",,,,,"Mon–Fri 4:00am–12:00am, Sat–Sun 5:00am–11:00pm","https://www.lifetime.life/locations/tx/garland/amenities.html",,"+1-972-496-5000","https://findsaunaplunge.com/venue/life-time-garland-dallas-tx/"
"life-time-las-colinas-dallas-tx","Life Time Las Colinas","brand_import","2026-08-26","life-time","7320 N State Highway 161","Irving","TX","75063","dallas-tx","Dallas","32.90494752","-96.95466631","cold_plunge|steam_room|traditional_sauna","communal",,,,"",,,,,"Mon–Fri 4:00am–12:00am, Sat–Sun 5:00am–11:00pm","https://www.lifetime.life/locations/tx/las-colinas/amenities.html",,"+1-214-231-5600","https://findsaunaplunge.com/venue/life-time-las-colinas-dallas-tx/"
"life-time-plano-dallas-tx","Life Time Plano","brand_import","2026-08-26","life-time","7100 Preston Rd","Plano","TX","75024","dallas-tx","Dallas","33.0729261","-96.79340174","cold_plunge|steam_room|traditional_sauna","communal",,,,"",,,,,"Mon–Fri 4:00am–12:00am, Sat–Sun 5:00am–11:00pm","https://www.lifetime.life/locations/tx/plano/amenities.html",,"+1-214-227-0700","https://findsaunaplunge.com/venue/life-time-plano-dallas-tx/"
"portal-denver-co","PORTAL° Denver","community","2026-08-15","portal","2949 Federal Blvd","Denver","CO","80211","denver-co","Denver","39.759349","-105.025308","cold_plunge|traditional_sauna","communal",,,"99","",,,,,"Sunday 8 AM to 10 PM; Monday 7 AM to 10 PM; Tuesday 2 PM to 10 PM; Wednesday to Friday 7 AM to 10 PM; Saturday 8 AM to 10 PM","https://www.portalthermaculture.com/denver",,"+1-720-925-2246","https://findsaunaplunge.com/venue/portal-denver-co/"
"r3-spa-englewood-co","R3 Spa","community","2026-08-15",,"2805 S Broadway","Englewood","CO","80113","denver-co","Denver","39.665756","-104.987658","cold_plunge|traditional_sauna","communal","35",,"149","",,,"190","190","Monday, Tuesday, Thursday and Friday 7 AM to 10 AM and 4 PM to 9 PM; Saturday and Sunday 10 AM to 5 PM; closed Wednesday for deep cleaning","https://www.r3experience.com/","https://www.r3experience.com/booking-calendar/sauna-cold-plunge-session","+1-720-313-4768","https://findsaunaplunge.com/venue/r3-spa-englewood-co/"
"lake-steam-baths-denver-co","Lake Steam Baths","community","2026-08-15",,"3540 W Colfax Ave","Denver","CO","80204","denver-co","Denver","39.740273","-105.033916","cold_plunge|traditional_sauna|steam_room","communal",,"32",,"",,,,,"Women: Monday and Thursday 8:30 AM to 9 PM. Men: Wednesday 8:30 AM to 10 PM, Friday and Saturday 8:30 AM to 10 PM, Sunday 6 AM to 9 PM. Closed Tuesdays. No co-ed days are offered.","https://lakesteam.com/",,"+1-303-825-2995","https://findsaunaplunge.com/venue/lake-steam-baths-denver-co/"
"denver-sports-recovery-denver-co","Denver Sports Recovery","community","2026-08-15",,"2242 W 29th Ave","Denver","CO","80211","denver-co","Denver","39.758345","-105.013995","cold_plunge|traditional_sauna|infrared_sauna|compression|red_light|pemf","mixed",,"35","120","","42","42",,,"Recovery centre Monday to Thursday 6:30 AM to 8 PM; Friday 6:30 AM to 6 PM; Saturday and Sunday 10 AM to 5 PM","https://denversportsrecovery.com/",,"+1-303-718-3435","https://findsaunaplunge.com/venue/denver-sports-recovery-denver-co/"
"sway-wellness-spa-rino-denver-co","Sway Wellness Spa · RiNo","community","2026-08-15",,"3636 Blake St","Denver","CO","80205","denver-co","Denver","39.769604","-104.974428","cold_plunge|traditional_sauna|infrared_sauna|compression","communal","49",,"129","",,,,,"Open daily, with session times shown at booking; the operator notes regular and extended hours are still being finalised","https://swaywellnessspa.com/locations/denver-rino/",,"+1-303-225-0480","https://findsaunaplunge.com/venue/sway-wellness-spa-rino-denver-co/"
"therma-haus-denver-co","Therma Haus","community","2026-08-15",,"2520 Wewatta Way","Denver","CO","80216","denver-co","Denver","39.761815","-104.989912","cold_plunge|traditional_sauna","communal","40",,"90","","36","50","170","190","Monday to Sunday, 8 AM to 10 AM and 4 PM to 8 PM","https://thermahausdenver.com/",,"+1-720-772-8183","https://findsaunaplunge.com/venue/therma-haus-denver-co/"
"red-rock-sauna-denver-co","Red Rock Sauna","community","2026-08-15",,"4460 W 29th Ave","Denver","CO","80212","denver-co","Denver","39.758435","-105.044878","cold_plunge|traditional_sauna","communal","35",,"125","","37","60","170","230","Monday 7 AM to 11 AM and 4 PM to 9 PM; Tuesday to Thursday 4 PM to 9 PM; Friday 7 AM to 11 AM and 4 PM to 9 PM; Saturday and Sunday 7 AM to 8 PM","https://redrocksauna.com/",,"+1-515-975-4420","https://findsaunaplunge.com/venue/red-rock-sauna-denver-co/"
"garden-sauna-denver-co","Garden Sauna","community","2026-08-15",,"1407 N Ogden St","Denver","CO","80218","denver-co","Denver","39.73857","-104.975374","cold_plunge|traditional_sauna","communal",,,"139","",,,,,"Sunday 9 AM to 9 PM; Monday 4 PM to 9 PM; Tuesday 7 AM to 1 PM and 3 PM to 9 PM; Wednesday and Thursday 4 PM to 9 PM; Friday 7 AM to 1 PM and 3 PM to 9 PM; Saturday 9 AM to 9 PM. The last session begins an hour before close.","https://www.gardensaunadenver.com/",,"+1-720-418-0448","https://findsaunaplunge.com/venue/garden-sauna-denver-co/"
"restore-hyper-wellness-cherry-hills-denver-co","Restore Hyper Wellness — Cherry Hills","community","2026-08-15","restore-hyper-wellness","5046 E Hampden Ave, Ste 10","Denver","CO","80222","denver-co","Denver","39.652991","-104.928619","infrared_sauna|cryotherapy|red_light|compression","unpublished","45",,"190","",,,,,"Monday to Thursday 10 AM to 7 PM; Friday 10 AM to 6 PM; Saturday 10 AM to 4 PM; Sunday 11 AM to 4 PM","https://www.restore.com/locations/co-denver-cherry-hills-co033",,"+1-720-704-6115","https://findsaunaplunge.com/venue/restore-hyper-wellness-cherry-hills-denver-co/"
"rok-spas-denver-co","ROK SPAS","community","2026-08-15",,"2025 17th St","Denver","CO","80202","denver-co","Denver","39.755583","-105.002551","cold_plunge|traditional_sauna|steam_room","communal",,,,"","37","55","194","194","Mon–Sun 8:00am–9:00pm","https://rokspas.com/",,"+1-720-769-0838","https://findsaunaplunge.com/venue/rok-spas-denver-co/"
"perspire-sauna-studio-cherry-hills-denver-co","Perspire Sauna Studio — Cherry Hills","community","2026-08-16",,"2450 South University Boulevard STE D1","Denver","CO","80210","denver-co","Denver","39.672102","-104.959313","infrared_sauna","private_suite","50",,"99","",,,,,"Mon-Thu 7:00 AM-9:00 PM; Fri 7:00 AM-8:00 PM; Sat-Sun 8:00 AM-6:00 PM","https://www.perspiresaunastudio.com/locations/cherry-hills",,"+1-720-605-0774","https://findsaunaplunge.com/venue/perspire-sauna-studio-cherry-hills-denver-co/"
"portal-boulder-co","PORTAL° Boulder","community","2026-08-16",,"4949 Broadway, #113","Boulder","CO","80304","denver-co","Denver","40.064324","-105.28216","cold_plunge|traditional_sauna","communal",,,"99","",,,,,"Sun 10 AM-10 PM; Mon-Fri 4 PM-10 PM; Sat 10 AM-10 PM","https://www.portalthermaculture.com/boulder",,"+1-303-594-0085","https://findsaunaplunge.com/venue/portal-boulder-co/"
"third-space-co-boulder-co","Third Space & Co","community","2026-08-16",,"2480 49th St, Unit E","Boulder","CO","80301","denver-co","Denver","40.023526","-105.238315","cold_plunge|traditional_sauna","mixed","30",,"125","","38","70","165","230",,"https://www.thirdspaceand.co/",,,"https://findsaunaplunge.com/venue/third-space-co-boulder-co/"
"hotworx-denver-lohi-co","HOTWORX - Denver (LoHi)","community","2026-08-16",,"2420 17th St","Denver","CO","80202","denver-co","Denver","39.758391","-105.007059","infrared_sauna","unpublished",,,,"",,,,,"24/7 member access; staffed Mon-Thu 11am-8pm, Fri 9am-6pm, Sat 9am-2pm","https://www.hotworx.net/studio/denver-lohi",,"+1-720-464-5005","https://findsaunaplunge.com/venue/hotworx-denver-lohi-co/"
"hotworx-centennial-co","HOTWORX - Centennial","community","2026-08-16",,"9619 E. County Line Rd., Unit C","Centennial","CO","80112","denver-co","Denver","39.566086","-104.876928","infrared_sauna","unpublished",,,,"",,,,,"24/7 member access; staffed Mon-Thu 11am-8pm, Fri 9am-6pm, Sat 9am-2pm","https://www.hotworx.net/studio/centennial",,"+1-720-844-3888","https://findsaunaplunge.com/venue/hotworx-centennial-co/"
"the-sanctuary-skin-sanctum-denver-co","The Sanctuary at The Skin Sanctum","community","2026-08-16",,"2048 Larimer St. Ste #200","Denver","CO","80205","denver-co","Denver","39.753363","-104.991946","infrared_sauna|cold_plunge","private_suite",,,,"",,,,,,"https://theskinsanctum.com/pages/the-sanctuary",,"+1-720-960-0008","https://findsaunaplunge.com/venue/the-sanctuary-skin-sanctum-denver-co/"
"symmetry-360-massage-highlands-denver-co","Symmetry 360 Massage — Highlands","community","2026-08-16",,"2416 W 32nd Ave","Denver","CO","80211","denver-co","Denver","39.761963","-105.016263","infrared_sauna|cold_plunge","private_suite","25",,,"",,,"100","130",,"https://www.symmetrymassagedenver.com/services/sauna",,"+1-720-524-3431","https://findsaunaplunge.com/venue/symmetry-360-massage-highlands-denver-co/"
"icryo-westminster-co","iCRYO — Westminster","community","2026-08-16",,"14613 Orchard Pkwy #200","Westminster","CO","80023","denver-co","Denver","39.961527","-104.993717","cryotherapy|infrared_sauna|red_light|compression","unpublished","25",,,"",,,,,,"https://westminster.icryo.life/",,"+1-720-222-0224","https://findsaunaplunge.com/venue/icryo-westminster-co/"
"the-cove-sauna-and-cold-plunge-denver-co","The Cove Sauna and Cold Plunge","community","2026-08-16",,"1361 S Broadway","Denver","CO","80210","denver-co","Denver","39.691896","-104.98755","infrared_sauna|cold_plunge|red_light","communal","24",,"69","",,,,,"Daily 12PM-9PM, closed Tuesday","https://thecovesauna.com/",,"+1-720-465-1636","https://findsaunaplunge.com/venue/the-cove-sauna-and-cold-plunge-denver-co/"
"sway-wellness-spa-larimer-denver-co","Sway Wellness Spa · Larimer","community","2026-08-16",,"1428 Larimer St.","Denver","CO","80202","denver-co","Denver","39.747577","-104.999408","cold_plunge|traditional_sauna|red_light|compression","communal","49",,"99","",,,,,"Mon-Fri 10:00 AM-8:00 PM; Sat 9:00 AM-6:00 PM; Sun 11:00 AM-6:00 PM","https://swaywellnessspa.com/locations/denver-larimer",,"+1-303-476-6150","https://findsaunaplunge.com/venue/sway-wellness-spa-larimer-denver-co/"
"sway-wellness-spa-central-park-aurora-co","Sway Wellness Spa · Central Park","community","2026-08-16",,"2271 Clinton St.","Aurora","CO","80010","denver-co","Denver","39.750544","-104.877645","cold_plunge|traditional_sauna|infrared_sauna|compression","communal","49",,"129","",,,,,,"https://swaywellnessspa.com/locations/denver-central-park/",,"+1-303-293-5501","https://findsaunaplunge.com/venue/sway-wellness-spa-central-park-aurora-co/"
"traverse-fitness-south-broadway-denver-co","Traverse Fitness — South Broadway","community","2026-08-16",,"2449 S. Broadway","Denver","CO","80210","denver-co","Denver","39.672204","-104.987656","traditional_sauna|cold_plunge","communal",,,,"","40","55","190","190","Mon-Thu 5:00 AM-7:00 PM; Fri 5:00 AM-2:00 PM; Sat-Sun 7:00 AM-12:00 PM","https://traversefitness.com/south-broadway",,"+1-303-733-0303","https://findsaunaplunge.com/venue/traverse-fitness-south-broadway-denver-co/"
"simply-sauna-lakewood-co","Simply Sauna","community","2026-08-24",,"1360 S. Wadsworth Blvd. Suite 106b","Lakewood","CO","80232","denver-co","Denver","39.692184","-105.081481","infrared_sauna","unpublished","45",,,"",,,,,"Mon-Fri 4:30PM-9:00PM; Sat-Sun 9:00AM-1:00PM","https://www.simplysauna.net/",,"+1-303-942-0943","https://findsaunaplunge.com/venue/simply-sauna-lakewood-co/"
"bare-necessities-fire-ice-arvada-co","Bare Necessities Floating & Massage — Fire & Ice","community","2026-08-16",,"6872 Wadsworth Blvd. Unit B","Arvada","CO","80003","denver-co","Denver","39.822721","-105.081338","infrared_sauna|cold_plunge","private_suite","40",,,"",,,,,,"https://www.barenecessitiesfloatmassage.com/about-3",,"+1-303-999-1920","https://findsaunaplunge.com/venue/bare-necessities-fire-ice-arvada-co/"
"reset-mind-body-lohi-denver-co","RESET Mind & Body — LoHi","community","2026-08-16",,"3106 Zuni St","Denver","CO","80211","denver-co","Denver","39.760905","-105.015758","infrared_sauna|cold_plunge|compression|red_light","unpublished",,,,"",,,,,"Mon-Fri 6AM-1PM & 3PM-8PM; Sat-Sun 9AM-4PM","https://resetmindbody.com/locations/lohi-co/",,"+1-720-780-9538","https://findsaunaplunge.com/venue/reset-mind-body-lohi-denver-co/"
"hooga-house-golden-co","Hooga House","community","2026-08-16",,"16305 S Golden Rd Unit C","Golden","CO","80401","denver-co","Denver","39.735138","-105.183241","traditional_sauna|cold_plunge","communal",,,,"","40","50",,,"Mon-Fri 7:00am-10:00am & 1:00pm-9:00pm; Sat-Sun 7:00am-7:00pm","https://www.hoogahouse.co/",,"+1-720-213-6526","https://findsaunaplunge.com/venue/hooga-house-golden-co/"
"life-time-centennial-denver-co","Life Time Centennial","brand_import","2026-08-26","life-time","5000 E Dry Creek Rd","Centennial","CO","80122","denver-co","Denver","39.57814874","-104.9289682","cold_plunge|steam_room|traditional_sauna","communal",,,,"",,,,,"Mon–Fri 4:00am–12:00am, Sat–Sun 5:00am–11:00pm","https://www.lifetime.life/locations/co/centennial/amenities.html",,"+1-720-489-1400","https://findsaunaplunge.com/venue/life-time-centennial-denver-co/"
"life-time-denver-west-denver-co","Life Time Denver West","brand_import","2026-08-26","life-time","3501 Clear Creek Drive","Wheat Ridge","CO","80401","denver-co","Denver","39.76625472","-105.1466155","cold_plunge|steam_room|traditional_sauna","communal",,,,"",,,,,"Mon–Fri 4:00am–11:00pm, Sat–Sun 5:00am–10:00pm","https://www.lifetime.life/locations/co/denver-west/amenities.html",,"+1-303-357-7900","https://findsaunaplunge.com/venue/life-time-denver-west-denver-co/"
"life-time-parker-aurora-denver-co","Life Time Parker-Aurora","brand_import","2026-08-26","life-time","9250 Crown Crest Blvd","Parker","CO","80138","denver-co","Denver","39.55209958","-104.7701552","cold_plunge|steam_room|traditional_sauna","communal",,,,"",,,,,"Mon–Fri 4:00am–12:00am, Sat–Sun 5:00am–11:00pm","https://www.lifetime.life/locations/co/parker-aurora/amenities.html",,"+1-720-842-0800","https://findsaunaplunge.com/venue/life-time-parker-aurora-denver-co/"
"life-time-westminster-denver-co","Life Time Westminster","brand_import","2026-08-26","life-time","397 W 148th Ave","Westminster","CO","80023","denver-co","Denver","39.96525454","-104.9908991","cold_plunge|steam_room|traditional_sauna","communal",,,,"",,,,,"Mon–Fri 4:00am–12:00am, Sat–Sun 5:00am–11:00pm","https://www.lifetime.life/locations/co/westminster/amenities.html",,"+1-303-429-8000","https://findsaunaplunge.com/venue/life-time-westminster-denver-co/"
"city-cave-float-wellness-spa-near-southside-fort-worth-tx","City Cave Float & Wellness Spa — Near Southside","community","2026-08-01",,"465 S Main Street Suite 100","Fort Worth","TX","76104","fort-worth-tx","Fort Worth","32.739339","-97.325721","infrared_sauna|float","private_suite","49",,,"",,,,,"Mon 11:00am–9:00pm, Tue Closed, Wed–Fri 11:00am–9:00pm, Sat–Sun 10:00am–9:00pm","https://www.citycave.com/nearsouthside","https://citycave.mytime.com/express_checkout/785/1608","+1-817-928-4717","https://findsaunaplunge.com/venue/city-cave-float-wellness-spa-near-southside-fort-worth-tx/"
"fort-worth-float-company-fort-worth-tx","Fort Worth Float Company","community","2026-08-24",,"5934 River Oaks Boulevard","Fort Worth","TX","76114","fort-worth-tx","Fort Worth","32.76591","-97.408217","float|infrared_sauna|cold_plunge","private_suite","20",,"129","",,,,,,"https://www.fortworthfloatcompany.com/","https://fortworthfloatco.floathelm.com/booking","+1-682-360-3964","https://findsaunaplunge.com/venue/fort-worth-float-company-fort-worth-tx/"
"infrared-mind-body-fort-worth-fort-worth-tx","Infrared Mind + Body — Fort Worth","community","2026-08-01",,"3062 Texas Sage Trail","Fort Worth","TX","76177","fort-worth-tx","Fort Worth","32.91221","-97.312527","infrared_sauna|red_light","private_suite","29",,"20","",,,"135","149","Mon–Fri 10:00am–7:00pm, Sat 9:00am–4:00pm, Sun 12:00pm–4:00pm","https://infraredmindbody.com/",,"+1-817-750-4622","https://findsaunaplunge.com/venue/infrared-mind-body-fort-worth-fort-worth-tx/"
"perspire-sauna-studio-fw-waterside-fort-worth-tx","Perspire Sauna Studio — FW Waterside","community","2026-08-01","perspire-sauna-studio","3700 Vision Drive Ste 112","Fort Worth","TX","76109","fort-worth-tx","Fort Worth","32.700941","-97.412914","infrared_sauna|red_light","private_suite","50",,"99","",,,,,"Mon–Fri 7:00am–8:00pm, Sat–Sun 8:00am–6:00pm","https://www.perspiresaunastudio.com/locations/fw-waterside",,"+1-817-810-0542","https://findsaunaplunge.com/venue/perspire-sauna-studio-fw-waterside-fort-worth-tx/"
"restore-revive-wellness-center-fort-worth-tx","Restore + Revive Wellness Center","community","2026-08-15",,"4927 Byers Avenue","Fort Worth","TX","76107","fort-worth-tx","Fort Worth","32.738573","-97.39367","cold_plunge|infrared_sauna|red_light|pemf","unpublished","25",,"149","","47","49",,,"Mon–Wed 9:00am–5:00pm, Thu 9:00am–7:00pm, Sun Closed. Fri–Sat not listed: the venue’s own pages disagree.","https://www.restoreandrevivefw.com/","https://www.restoreandrevivefw.com/book-now","+1-817-720-6220","https://findsaunaplunge.com/venue/restore-revive-wellness-center-fort-worth-tx/"
"restore-hyper-wellness-colleyville-fort-worth-tx","Restore Hyper Wellness — Colleyville","community","2026-08-01","restore-hyper-wellness","4709 Colleyville Blvd, Suite 600","Colleyville","TX","76034","fort-worth-tx","Fort Worth","32.879016","-97.157675","infrared_sauna|cryotherapy|red_light|compression","unpublished","45",,"190","",,,,,"Mon–Fri 10:00am–7:00pm, Sat 9:00am–5:00pm, Sun 12:00pm–5:00pm","https://www.restore.com/locations/tx-colleyville-tx095","https://booking.restore.com/book","+1-817-576-4372","https://findsaunaplunge.com/venue/restore-hyper-wellness-colleyville-fort-worth-tx/"
"swthz-camp-bowie-fort-worth-tx","SWTHZ Camp Bowie","community","2026-07-28","sweathouz","6252 Camp Bowie Blvd","Fort Worth","TX","76116","fort-worth-tx","Fort Worth","32.726654","-97.420813","cold_plunge|infrared_sauna|red_light","private_suite",,,,"",,,,,,"https://sweathouz.com/camp-bowie-book-now/",,"+1-817-730-6788","https://findsaunaplunge.com/venue/swthz-camp-bowie-fort-worth-tx/"
"body-haxx-cryo-hurst-fort-worth-tx","Body Haxx Cryo","community","2026-08-15",,"603 W Harwood Rd","Hurst","TX","76054","fort-worth-tx","Fort Worth","32.847034","-97.179271","red_light|cryotherapy|infrared_sauna|compression","unpublished","65",,"219","",,,,,"Mon-Fri: 10am-7pm, Sat: 10am-5pm, Sunday: Closed","https://bodyhaxxcryo.com/","https://bodyhaxxcryo.com/book-now/","+1-817-646-9758","https://findsaunaplunge.com/venue/body-haxx-cryo-hurst-fort-worth-tx/"
"icryo-west-7th-fort-worth-tx","iCRYO Fort Worth (West 7th)","community","2026-08-15","icryo","628 Harrold Street Suite 116","Fort Worth","TX","76107","fort-worth-tx","Fort Worth","32.752612","-97.34901","red_light|cryotherapy|infrared_sauna|compression","unpublished",,,,"",,,,,"Monday - Friday: 8am - 8pm, Saturday & Sunday: 10am - 4pm","https://icryo.com/location/fort-worth-tx-west-7th/","https://icryo.zenoti.com/webstoreNew/services/9f0e09fa-8e2a-4a5c-8aa6-424c5e4370a4","+1-817-386-4451","https://findsaunaplunge.com/venue/icryo-west-7th-fort-worth-tx/"
"sound-waves-wellness-fort-worth-tx","Sound Waves Wellness","community","2026-08-15",,"4524 Boat Club Rd Ste 154","Fort Worth","TX","76135","fort-worth-tx","Fort Worth","32.822251","-97.419934","red_light|infrared_sauna","unpublished","39",,"179","",,,,,,"https://www.soundwaveswellness.com/",,"+1-817-420-4828","https://findsaunaplunge.com/venue/sound-waves-wellness-fort-worth-tx/"
"rr-aesthetics-wellness-fort-worth-tx","R&R Aesthetics & Wellness","community","2026-08-15",,"6440 Rendon Bloodworth Rd.","Fort Worth","TX","76140","fort-worth-tx","Fort Worth","32.576306","-97.222779","red_light|cold_plunge|infrared_sauna|compression|pemf","unpublished",,,,"",,,,,,"https://rrawellness.com/","https://book.prospyrmed.com/79f4d9ab-0756-453d-a643-22de9f3b6d2b/select-service?workspaceId=07da305b-ecef-429d-bc8c-f094038ca6dd&locationId=f4307430-0864-479e-b94f-06d4584afd20&categoryId=98e88138-ec88-4bcb-9778-9f90f51c3f1a","+1-817-662-2550","https://findsaunaplunge.com/venue/rr-aesthetics-wellness-fort-worth-tx/"
"fort-worth-concierge-plus-fort-worth-tx","Fort Worth Concierge Plus (Game On Wellness)","community","2026-08-15",,"2600 Alemeda St. #202","Fort Worth","TX","76108","fort-worth-tx","Fort Worth","32.736685","-97.483515","red_light|cryotherapy","unpublished",,,,"",,,,,,"https://www.fwcplus.com/","https://fwcplus.janeapp.com","+1-817-727-2002","https://findsaunaplunge.com/venue/fort-worth-concierge-plus-fort-worth-tx/"
"restore-hyper-wellness-southlake-fort-worth-tx","Restore Hyper Wellness — Southlake","community","2026-08-15","restore-hyper-wellness","2600 E Southlake Blvd, Suite 150","Southlake","TX","76092","fort-worth-tx","Fort Worth","32.94051","-97.114685","red_light|cryotherapy|infrared_sauna|compression","unpublished",,,"190","",,,,,"Monday-Friday: 10AM-7PM, Saturday: 9AM-5PM, Sunday: 12PM-5PM","https://www.restore.com/locations/tx-southlake-tx019","https://booking.restore.com/book","+1-817-912-1550","https://findsaunaplunge.com/venue/restore-hyper-wellness-southlake-fort-worth-tx/"
"life-time-colleyville-fort-worth-tx","Life Time Colleyville","brand_import","2026-08-26","life-time","1221 Church St","Colleyville","TX","76034","fort-worth-tx","Fort Worth","32.886868","-97.149014","cold_plunge|steam_room|traditional_sauna","communal",,,,"",,,,,"Mon–Fri 4:00am–12:00am, Sat–Sun 5:00am–11:00pm","https://www.lifetime.life/locations/tx/colleyville/amenities.html",,"+1-817-581-4000","https://findsaunaplunge.com/venue/life-time-colleyville-fort-worth-tx/"
"life-time-mansfield-fort-worth-tx","Life Time Mansfield","brand_import","2026-08-26","life-time","1551 E Debbie Ln","Mansfield","TX","76063","fort-worth-tx","Fort Worth","32.60831626","-97.11392274","cold_plunge|steam_room|traditional_sauna","communal",,,,"",,,,,"Mon–Fri 4:00am–12:00am, Sat–Sun 5:00am–11:00pm","https://www.lifetime.life/locations/tx/mansfield/amenities.html",,"+1-682-518-7766","https://findsaunaplunge.com/venue/life-time-mansfield-fort-worth-tx/"
"life-time-westlake-fort-worth-tx","Life Time Westlake","brand_import","2026-08-26","life-time","2902 Sam School Road","Westlake","TX","76262","fort-worth-tx","Fort Worth","32.9785689","-97.17159462","cold_plunge|steam_room|traditional_sauna|infrared_sauna","communal",,,,"",,,,,"Mon–Fri 4:00am–12:00am, Sat–Sun 5:00am–11:00pm","https://www.lifetime.life/locations/tx/westlake/amenities.html",,"+1-817-693-6500","https://findsaunaplunge.com/venue/life-time-westlake-fort-worth-tx/"
"fire-and-ice-at-calisthenics-club-houston-houston-tx","Fire and Ice at Calisthenics Club Houston","community","2026-08-06",,"1118 Montrose Blvd","Houston","TX","77019","houston-tx","Houston","29.756651","-95.392329","cold_plunge|traditional_sauna","communal",,,,"",,,,,,"https://calisthenicsclubhouston.com/fire-and-ice-cold-plunge-sauna/","https://cchtx.gymmasteronline.com/portal/signup/details/87ac0b5a6ca9c34077a53409bed74fb0?companyid=2","+1-713-912-1002","https://findsaunaplunge.com/venue/fire-and-ice-at-calisthenics-club-houston-houston-tx/"
"hormesis-houston-tx","Hormesis","community","2026-08-15",,"8650 N Sam Houston Pkwy E, Suite 160B","Humble","TX","77396","houston-tx","Houston","29.935618","-95.260534","cold_plunge|infrared_sauna|red_light","private_suite","45",,,"",,,,,,"https://myhormesis.com/","https://hormesis.floathelm.com/booking","+1-866-467-6374","https://findsaunaplunge.com/venue/hormesis-houston-tx/"
"loyly-sauna-lounge-houston-tx","Löyly Sauna Lounge","community","2026-08-15",,"1210 West Clay Street, Suite 18","Houston","TX","77019","houston-tx","Houston","29.755483","-95.394602","cold_plunge|infrared_sauna","communal",,,"149","","41","49",,,,"https://www.loylysaunalounge.com/","https://momence.com/u/l%C3%B6yly-sauna-lounge-KLrUoj","+1-713-533-2653","https://findsaunaplunge.com/venue/loyly-sauna-lounge-houston-tx/"
"perspire-sauna-studio-the-heights-houston-tx","Perspire Sauna Studio — The Heights","community","2026-08-15","perspire-sauna-studio","1111 Shepherd Drive, Suite 500","Houston","TX","77007","houston-tx","Houston","29.771372","-95.409583","infrared_sauna|red_light","private_suite","39",,"79","",,,,,"Mon–Fri 7:00am–9:00pm, Sat–Sun 8:00am–6:00pm","https://www.perspiresaunastudio.com/tx/the-heights/",,"+1-713-808-1184","https://findsaunaplunge.com/venue/perspire-sauna-studio-the-heights-houston-tx/"
"perspire-sauna-studio-the-woodlands-houston-tx","Perspire Sauna Studio — The Woodlands","community","2026-08-15","perspire-sauna-studio","10720 Kuykendahl Road, Suite C2","The Woodlands","TX","77381","houston-tx","Houston","30.179178","-95.535006","infrared_sauna|red_light","private_suite","60",,"129","",,,,,"Mon–Fri 7:00am–9:00pm, Sat–Sun 8:00am–8:00pm","https://www.perspiresaunastudio.com/tx/the-woodlands/",,"+1-832-303-3073","https://findsaunaplunge.com/venue/perspire-sauna-studio-the-woodlands-houston-tx/"
"huemn-vintage-park-houston-tx","Huemn — Vintage Park","community","2026-07-31","huemn","130 Vintage Park Blvd, Suite A","Houston","TX","77070","houston-tx","Houston","29.994672","-95.574415","cold_plunge|traditional_sauna","unpublished",,,,"",,,,,,"https://www.behuemn.com/contrast-therapy",,,"https://findsaunaplunge.com/venue/huemn-vintage-park-houston-tx/"
"huemn-mkt-heights-houston-tx","Huemn — M-K-T Heights","community","2026-07-31","huemn","600 N Shepherd Dr, Suite 160","Houston","TX","77007","houston-tx","Houston","29.78157","-95.409129","cold_plunge|traditional_sauna","unpublished",,,,"",,,,,,"https://www.behuemn.com/contrast-therapy",,,"https://findsaunaplunge.com/venue/huemn-mkt-heights-houston-tx/"
"albi-wellness-houston-tx","ALBI Wellness","community","2026-07-31",,"2202 West Alabama St, Suite C","Houston","TX","77098","houston-tx","Houston","29.738599","-95.413017","cold_plunge|infrared_sauna|red_light|compression","unpublished",,,,"",,,,,,"https://albiwellness.com/cold-plunge-1/",,,"https://findsaunaplunge.com/venue/albi-wellness-houston-tx/"
"gangnam-spa-houston-tx","Gangnam Spa","community","2026-08-16",,"4055 Highway 6 North","Houston","TX","77084","houston-tx","Houston","29.720699","-95.644106","traditional_sauna","unpublished",,"48",,"",,,,,"Daily 9:00am-10:00pm","https://gangnamspa.org/","https://gangnamspa.org/admission-and-gift-card","+1-281-859-9888","https://findsaunaplunge.com/venue/gangnam-spa-houston-tx/"
"spa-world-houston-katy-tx","Spa World Houston","community","2026-08-16",,"929 Westgreen Blvd","Katy","TX","77450","houston-tx","Houston","29.77338","-95.734459","traditional_sauna|infrared_sauna","unpublished",,"45",,"",,,,,"Daily 9:00am-10:00pm","https://spaworldhouston.com/","https://spaworldhouston.com/admission/","+1-346-978-6684","https://findsaunaplunge.com/venue/spa-world-houston-katy-tx/"
"sudor-sauna-studio-houston-tx","Sudor Sauna Studio","community","2026-08-16",,"3515 West Dallas Street, Suite 400","Houston","TX","77019","houston-tx","Houston","29.757147","-95.403856","infrared_sauna|cold_plunge","private_suite",,,,"",,,,,"Mon-Fri 6am-9pm; Sat-Sun 9am-6pm","https://www.sudorsauna.com/","https://www.sudorsauna.com/#book-now","+1-832-728-9554","https://findsaunaplunge.com/venue/sudor-sauna-studio-houston-tx/"
"restore-hyper-wellness-river-oaks-houston-tx","Restore Hyper Wellness - River Oaks","community","2026-08-16",,"1944 West Gray Street","Houston","TX","77019","houston-tx","Houston","29.753155","-95.405695","cryotherapy|infrared_sauna|compression|red_light","unpublished",,,"170","",,,,,"Mon-Fri 10AM-7PM; Sat 9AM-6PM; Sun 10AM-6PM","https://www.restore.com/locations/tx-houston-river-oaks-tx007","https://www.restore.com/locations/tx-houston-river-oaks-tx007","+1-832-742-9695","https://findsaunaplunge.com/venue/restore-hyper-wellness-river-oaks-houston-tx/"
"restore-hyper-wellness-west-university-houston-tx","Restore Hyper Wellness - West University","community","2026-08-16",,"2715 Bissonnet St., Suite 140","Houston","TX","77005","houston-tx","Houston","29.725372","-95.420878","cryotherapy|infrared_sauna|compression|red_light","unpublished",,,"190","",,,,,"Mon-Fri 9AM-7PM; Sat-Sun 9AM-5PM","https://www.restore.com/locations/tx-houston-west-university-tx012","https://www.restore.com/locations/tx-houston-west-university-tx012","+1-281-661-1957","https://findsaunaplunge.com/venue/restore-hyper-wellness-west-university-houston-tx/"
"hotworx-houston-heights-tx","HOTWORX - Houston (Heights)","community","2026-08-16",,"506 Yale Street","Houston","TX","77007","houston-tx","Houston","29.779789","-95.398697","infrared_sauna","unpublished",,,,"",,,,,"24/7 member access; staffed Mon-Thu 11am-8pm, Fri 9am-6pm, Sat 9am-2pm","https://www.hotworx.net/studio/houston-heights","https://www.hotworx.net/studio/houston-heights","+1-832-203-5483","https://findsaunaplunge.com/venue/hotworx-houston-heights-tx/"
"hotworx-houston-city-park-tx","HOTWORX - Houston (City Park)","community","2026-08-16",,"1416 W. Orem Dr.","Houston","TX","77047","houston-tx","Houston","29.627891","-95.390739","infrared_sauna","unpublished",,,,"",,,,,"24/7 member access; staffed Mon-Thu 11am-8pm, Fri 9am-6pm, Sat 9am-2pm","https://www.hotworx.net/studio/houston-citypark","https://www.hotworx.net/studio/houston-citypark","+1-832-219-0999","https://findsaunaplunge.com/venue/hotworx-houston-city-park-tx/"
"hotworx-houston-summerwood-tx","HOTWORX - Houston (Summerwood)","community","2026-08-16",,"12230 West Lake Houston Pkwy","Houston","TX","77044","houston-tx","Houston","29.923591","-95.203248","infrared_sauna","unpublished",,,,"",,,,,"24/7 member access; staffed Mon-Thu 11am-8pm, Fri 9am-6pm, Sat 9am-2pm","https://www.hotworx.net/studio/houston-summerwood","https://www.hotworx.net/studio/houston-summerwood","+1-281-205-8403","https://findsaunaplunge.com/venue/hotworx-houston-summerwood-tx/"
"hotworx-houston-energy-corridor-tx","HOTWORX - Houston (Energy Corridor)","community","2026-08-16",,"1140 Eldridge Parkway","Houston","TX","77077","houston-tx","Houston","29.767898","-95.623835","infrared_sauna","unpublished",,,,"",,,,,"24/7 member access; staffed Mon-Thu 11am-8pm, Fri 9am-6pm, Sat 9am-2pm","https://www.hotworx.net/studio/houston-energycorridor","https://www.hotworx.net/studio/houston-energycorridor","+1-832-529-1663","https://findsaunaplunge.com/venue/hotworx-houston-energy-corridor-tx/"
"oasis-moroccan-bath-houston-tx","Oasis Moroccan Bath","community","2026-08-16",,"3208 S. Shepherd Dr., Suite A","Houston","TX","77098","houston-tx","Houston","29.737542","-95.410749","steam_room","private_suite","199",,,"",,,,,,"https://oasismoroccanbath.com/","https://oasismoroccanbath.com/hammam-packages/","+1-832-390-0740","https://findsaunaplunge.com/venue/oasis-moroccan-bath-houston-tx/"
"arctic-healing-cryo-houston-tx","Arctic Healing Cryo","community","2026-08-16",,"6415 San Felipe St, Suite Q1","Houston","TX","77057","houston-tx","Houston","29.750075","-95.498049","cryotherapy|red_light","unpublished",,,,"",,,,,"Mon-Fri 10:00am-7:00pm; Sat 10:00am-3:00pm; Sun Closed","https://ahcryo.com/","https://ahcryo.com/","+1-713-568-4801","https://findsaunaplunge.com/venue/arctic-healing-cryo-houston-tx/"
"restore-hyper-wellness-sugar-land-tx","Restore Hyper Wellness - Sugar Land","community","2026-08-16",,"15890 Southwest Freeway, #200","Sugar Land","TX","77478","houston-tx","Houston","29.600571","-95.622611","cryotherapy|infrared_sauna|compression|red_light","unpublished",,,"190","",,,,,"Mon-Thu 10AM-7PM; Fri-Sat 9AM-5PM; Sun 12PM-5PM","https://www.restore.com/locations/tx-sugar-land-tx004","https://www.restore.com/locations/tx-sugar-land-tx004","+1-281-201-8845","https://findsaunaplunge.com/venue/restore-hyper-wellness-sugar-land-tx/"
"restore-hyper-wellness-katy-tx","Restore Hyper Wellness - Katy","community","2026-08-16",,"23116 Cinco Ranch Boulevard","Katy","TX","77494","houston-tx","Houston","29.744212","-95.769388","cryotherapy|infrared_sauna|compression|red_light","unpublished",,,"190","",,,,,"Mon-Thu 10AM-7PM; Fri-Sat 9AM-5PM; Sun 12PM-5PM","https://www.restore.com/locations/tx-katy-tx014","https://www.restore.com/locations/tx-katy-tx014","+1-281-665-7475","https://findsaunaplunge.com/venue/restore-hyper-wellness-katy-tx/"
"icryo-shadow-creek-pearland-tx","iCRYO - Shadow Creek","community","2026-08-16",,"11011 Shadow Creek Pkwy, #109","Pearland","TX","77584","houston-tx","Houston","29.584184","-95.387858","cryotherapy|infrared_sauna|compression|red_light","unpublished",,,,"",,,,,"Mon-Fri 9am-7pm; Sat-Sun 10am-4pm","https://icryo.com/location/pearland-tx-shadow-creek/","https://icryo.com/location/pearland-tx-shadow-creek/","+1-281-942-4100","https://findsaunaplunge.com/venue/icryo-shadow-creek-pearland-tx/"
"icryo-west-university-houston-tx","iCRYO - West University","community","2026-08-24",,"3839 Bellaire Blvd","Houston","TX","77025","houston-tx","Houston","29.705954","-95.43804","cryotherapy|infrared_sauna|compression|red_light","unpublished",,,,"",,,,,"Mon-Fri 8am-6pm; Sat-Sun 10am-4pm","https://icryo.com/location/houston-tx-west-university/","https://icryo.com/location/houston-tx-west-university/","+1-832-241-6245","https://findsaunaplunge.com/venue/icryo-west-university-houston-tx/"
"life-time-champions-houston-tx","Life Time Champions","brand_import","2026-08-26","life-time","7717 Willow Chase Blvd","Houston","TX","77070","houston-tx","Houston","29.96625379","-95.54597354","cold_plunge|steam_room","communal",,,,"",,,,,"Mon–Fri 4:00am–12:00am, Sat–Sun 5:00am–11:00pm","https://www.lifetime.life/locations/tx/champions/amenities.html",,"+1-281-469-9300","https://findsaunaplunge.com/venue/life-time-champions-houston-tx/"
"life-time-cinco-ranch-houston-tx","Life Time Cinco Ranch","brand_import","2026-08-26","life-time","23211 Cinco Ranch Blvd","Katy","TX","77494","houston-tx","Houston","29.74261984","-95.77065086","cold_plunge|steam_room|traditional_sauna","communal",,,,"",,,,,"Mon–Fri 4:00am–12:00am, Sat–Sun 5:00am–11:00pm","https://www.lifetime.life/locations/tx/cinco-ranch/amenities.html",,"+1-281-644-5300","https://findsaunaplunge.com/venue/life-time-cinco-ranch-houston-tx/"
"life-time-greenstreet-houston-tx","Life Time GreenStreet","brand_import","2026-08-26","life-time","1201 Main Street, Suites 110 & 210","Houston","TX","77002","houston-tx","Houston","29.75399008","-95.36541964","cold_plunge|steam_room|traditional_sauna","communal",,,,"",,,,,"Mon–Fri 5:00am–10:00pm, Sat–Sun 7:00am–6:00pm","https://www.lifetime.life/locations/tx/greenstreet/amenities.html",,"+1-713-258-2600","https://findsaunaplunge.com/venue/life-time-greenstreet-houston-tx/"
"life-time-lake-houston-houston-tx","Life Time Lake Houston","brand_import","2026-08-26","life-time","13600 Will Clayton Pkwy","Humble","TX","77346","houston-tx","Houston","29.98086652","-95.16774047","cold_plunge|steam_room|traditional_sauna","communal",,,,"",,,,,"Mon–Fri 4:00am–12:00am, Sat–Sun 5:00am–11:00pm","https://www.lifetime.life/locations/tx/lake-houston/amenities.html",,"+1-281-812-4100","https://findsaunaplunge.com/venue/life-time-lake-houston-houston-tx/"
"life-time-shenandoah-houston-tx","Life Time Shenandoah","brand_import","2026-08-26","life-time","9000 Six Pines Drive","Shenandoah","TX","77380","houston-tx","Houston","30.17376981","-95.46041164","cold_plunge|traditional_sauna","communal",,,,"",,,,,"Mon–Fri 4:00am–12:00am, Sat–Sun 5:00am–11:00pm","https://www.lifetime.life/locations/tx/shenandoah/amenities.html",,"+1-346-786-5950","https://findsaunaplunge.com/venue/life-time-shenandoah-houston-tx/"
"restore-hyper-wellness-henderson-las-vegas-nv","Restore Hyper Wellness - Henderson, NV","community","2026-08-16",,"1550 North Green Valley Parkway, #300","Henderson","NV","89074","las-vegas-nv","Las Vegas","36.029845","-115.086254","cryotherapy|infrared_sauna|compression|red_light","unpublished",,,"200","",,,,,"Monday-Friday 10AM-6PM, Saturday 9AM-5PM, Sunday 11AM-5PM","https://www.restore.com/locations/nv-henderson-nv001","https://www.restore.com/locations/nv-henderson-nv001","+1-725-888-8143","https://findsaunaplunge.com/venue/restore-hyper-wellness-henderson-las-vegas-nv/"
"restore-hyper-wellness-summerlin-south-las-vegas-nv","Restore Hyper Wellness - Las Vegas, NV (Summerlin South)","community","2026-08-16",,"4220 S Grand Canyon Dr., Suite 1 & 2","Las Vegas","NV","89147","las-vegas-nv","Las Vegas","36.112899","-115.306208","cryotherapy|infrared_sauna|compression|red_light","unpublished",,,"200","",,,,,"Monday-Friday 10AM-6PM, Saturday 9AM-5PM, Sunday 11AM-5PM","https://www.restore.com/locations/nv-las-vegas-summerlin-south-nv010","https://www.restore.com/locations/nv-las-vegas-summerlin-south-nv010","+1-702-664-8754","https://findsaunaplunge.com/venue/restore-hyper-wellness-summerlin-south-las-vegas-nv/"
"perspire-sauna-studio-summerlin-las-vegas-nv","Perspire Sauna Studio - Summerlin","community","2026-08-16",,"410 South Rampart Boulevard #175","Las Vegas","NV","89145","las-vegas-nv","Las Vegas","36.167896","-115.287172","infrared_sauna|red_light","unpublished",,,"199","",,,,,,"https://www.perspiresaunastudio.com/locations/summerlin","https://www.perspiresaunastudio.com/locations/summerlin","+1-702-766-7073","https://findsaunaplunge.com/venue/perspire-sauna-studio-summerlin-las-vegas-nv/"
"perspire-sauna-studio-green-valley-henderson-las-vegas-nv","Perspire Sauna Studio - Green Valley (Henderson)","community","2026-08-16",,"140 South Green Valley Parkway Suite 122","Henderson","NV","89012","las-vegas-nv","Las Vegas","36.022592","-115.084178","infrared_sauna|red_light","unpublished",,,"199","",,,,,,"https://www.perspiresaunastudio.com/locations/green-valley","https://www.perspiresaunastudio.com/locations/green-valley","+1-702-819-0044","https://findsaunaplunge.com/venue/perspire-sauna-studio-green-valley-henderson-las-vegas-nv/"
"sweat-it-studio-flamingo-las-vegas-nv","Sweat It Studio - Flamingo","community","2026-08-16",,"9809 West Flamingo Road #5","Las Vegas","NV","89147","las-vegas-nv","Las Vegas","36.11505","-115.305892","cold_plunge|infrared_sauna","unpublished",,,"189","",,,,,,"https://sweatitstudio.com/","https://sweatitstudio.com/pricing/","+1-702-333-1921","https://findsaunaplunge.com/venue/sweat-it-studio-flamingo-las-vegas-nv/"
"sweat-it-studio-village-center-summerlin-las-vegas-nv","Sweat It Studio - Village Center (Summerlin)","community","2026-08-16",,"1958 Village Center Cir Ste #5","Las Vegas","NV","89134","las-vegas-nv","Las Vegas","36.192357","-115.30441","cold_plunge|infrared_sauna","unpublished",,,"189","",,,,,,"https://sweatitstudio.com/summerlin-north/","https://sweatitstudio.com/pricing/","+1-702-233-9051","https://findsaunaplunge.com/venue/sweat-it-studio-village-center-summerlin-las-vegas-nv/"
"cold-summer-las-vegas-nv","Cold Summer","community","2026-08-16",,"2275 E Sunset Rd","Las Vegas","NV","89119","las-vegas-nv","Las Vegas","36.071556","-115.12081","cold_plunge|traditional_sauna|red_light|compression","unpublished","45",,"159","",,,,,,"https://www.coldsummer.com/","https://booking.mangomint.com/coldsummer",,"https://findsaunaplunge.com/venue/cold-summer-las-vegas-nv/"
"drop-infrared-sauna-las-vegas-nv","DROP Infrared Sauna","community","2026-08-16",,"5025 Blue Diamond Rd. #104","Las Vegas","NV","89139","las-vegas-nv","Las Vegas","36.031518","-115.209685","infrared_sauna","unpublished","39",,"179","",,,,,,"https://dropsauna.com/","https://dropsauna.com/locations-pricing/","+1-702-405-0288","https://findsaunaplunge.com/venue/drop-infrared-sauna-las-vegas-nv/"
"glace-cryotherapy-henderson-las-vegas-nv","Gla·cé Cryotherapy","community","2026-08-16",,"2541 Wigwam Pkwy","Henderson","NV","89074","las-vegas-nv","Las Vegas","36.03484","-115.096873","cryotherapy|infrared_sauna","unpublished",,,,"",,,,,"Monday-Friday 10am-6pm, Saturday 10am-2pm, Sunday Closed","https://www.vegascryotherapy.com/","https://www.vegascryotherapy.com/prices/","+1-702-685-9777","https://findsaunaplunge.com/venue/glace-cryotherapy-henderson-las-vegas-nv/"
"imr-float-henderson-las-vegas-nv","IMR Float","community","2026-08-16",,"10870 S Eastern Ave Suite 103","Henderson","NV","89052","las-vegas-nv","Las Vegas","35.994781","-115.100881","cold_plunge|infrared_sauna|float","unpublished","75",,"59","","49","49",,,,"https://imrfloat.com/","https://imrfloat.com/membership/","+1-702-751-9331","https://findsaunaplunge.com/venue/imr-float-henderson-las-vegas-nv/"
"wellness-sauna-cryotherapy-las-vegas-nv","Wellness Sauna & Cryotherapy","community","2026-08-16",,"2950 E Flamingo Rd STE L","Las Vegas","NV","89121","las-vegas-nv","Las Vegas","36.115102","-115.110562","cold_plunge|infrared_sauna|red_light","unpublished",,,,"",,,,,,"https://wellnesslasvegas.net/","https://wellnesslasvegas.net/wellness-packages-las-vegas/","+1-725-210-4933","https://findsaunaplunge.com/venue/wellness-sauna-cryotherapy-las-vegas-nv/"
"elevated-studio-henderson-las-vegas-nv","Elevated Studio","community","2026-08-16",,"4500 E Sunset Rd #4","Henderson","NV","89014","las-vegas-nv","Las Vegas","36.070965","-115.075578","infrared_sauna|cryotherapy|red_light","unpublished","39",,"159","",,,,,,"https://elevatedlasvegas.com/","https://elevatedlasvegas.com/pricing/","+1-702-451-0444","https://findsaunaplunge.com/venue/elevated-studio-henderson-las-vegas-nv/"
"project-wellbeing-las-vegas-nv","Project Wellbeing","community","2026-08-16",,"7155 S. Buffalo Dr., Suite 165","Las Vegas","NV","89113","las-vegas-nv","Las Vegas","36.058852","-115.260937","cold_plunge|infrared_sauna|traditional_sauna|cryotherapy|red_light|compression","unpublished",,,"279","",,,,,,"https://www.projectwellbeing.co/","https://www.projectwellbeing.co/memberships","+1-702-525-7791","https://findsaunaplunge.com/venue/project-wellbeing-las-vegas-nv/"
"smash-iron-fitness-recovery-zone-las-vegas-nv","Smash Iron Fitness Recovery Zone","community","2026-08-16",,"2350 S Rainbow Blvd STE 8","Las Vegas","NV","89146","las-vegas-nv","Las Vegas","36.202452","-115.242186","cold_plunge|traditional_sauna","unpublished","50",,,"",,,,,,"https://smashironfitness.com/cold-plunge-dry-sauna-recovery-zone","https://smashironfitness.com/cold-plunge-dry-sauna-recovery-zone","+1-702-276-7692","https://findsaunaplunge.com/venue/smash-iron-fitness-recovery-zone-las-vegas-nv/"
"pause-studio-las-vegas-nv","Pause Studio","community","2026-08-16",,"1043 South Rampart Boulevard","Las Vegas","NV","89145","las-vegas-nv","Las Vegas","36.160167","-115.291496","cold_plunge|infrared_sauna|cryotherapy|compression|red_light|float","private_suite",,,,"",,,,,,"https://pausestudio.com/locations/las-vegas","https://pausestudio.com/las-vegas/contrast-therapy","+1-725-302-3518","https://findsaunaplunge.com/venue/pause-studio-las-vegas-nv/"
"hotworx-las-vegas-boca-park-las-vegas-nv","HOTWORX - Las Vegas (Boca Park)","community","2026-08-16",,"750 S Rampart Blvd Suite 12","Las Vegas","NV","89145","las-vegas-nv","Las Vegas","36.163803","-115.290815","infrared_sauna","unpublished",,,,"",,,,,"Monday-Sunday, open 24 hours (member access); staffed hours vary","https://www.hotworx.net/studio/lasvegas-bocapark","https://www.hotworx.net/studio/lasvegas-bocapark",,"https://findsaunaplunge.com/venue/hotworx-las-vegas-boca-park-las-vegas-nv/"
"be-well-studio-las-vegas-nv","Be Well Studio","community","2026-08-16",,"7083 W Craig Rd Ste 195","Las Vegas","NV","89129","las-vegas-nv","Las Vegas","36.240363","-115.250189","cold_plunge|infrared_sauna|traditional_sauna|red_light|compression|float","unpublished","99","199",,"",,,,,,"https://bewellstudio.life/","https://bewellstudio.life/pricings/","+1-702-789-0008","https://findsaunaplunge.com/venue/be-well-studio-las-vegas-nv/"
"perspire-sauna-studio-culver-city-los-angeles-ca","Perspire Sauna Studio - Culver City","community","2026-08-16",,"3331 South La Cienega Boulevard","Los Angeles","CA","90016","los-angeles-ca","Los Angeles","34.027825","-118.372082","infrared_sauna|red_light","private_suite",,,,"",,,,,,"https://www.perspiresaunastudio.com/locations/culver-city",,"+1-310-596-1187","https://findsaunaplunge.com/venue/perspire-sauna-studio-culver-city-los-angeles-ca/"
"restore-hyper-wellness-santa-monica-los-angeles-ca","Restore Hyper Wellness - Santa Monica","community","2026-08-16",,"1031 Montana Avenue","Santa Monica","CA","90403","los-angeles-ca","Los Angeles","34.029598","-118.49846","cryotherapy|infrared_sauna|compression|red_light","unpublished",,,,"",,,,,"Mon-Fri 10am-6pm, Sat 10am-5pm, Sun 10am-5pm","https://www.restore.com/locations/ca-santa-monica-ca025",,"+1-424-416-7876","https://findsaunaplunge.com/venue/restore-hyper-wellness-santa-monica-los-angeles-ca/"
"restore-hyper-wellness-torrance-los-angeles-ca","Restore Hyper Wellness - Torrance","community","2026-08-16",,"2744 Pacific Coast Hwy","Torrance","CA","90505","los-angeles-ca","Los Angeles","33.79287","-118.334334","cryotherapy|infrared_sauna|compression|red_light","unpublished",,,,"",,,,,"Mon 10am-7pm, Tue-Fri 11am-7pm, Sat 9am-5pm, Sun 11am-5pm","https://www.restore.com/locations/ca-torrance-ca116",,"+1-310-807-2920","https://findsaunaplunge.com/venue/restore-hyper-wellness-torrance-los-angeles-ca/"
"restore-hyper-wellness-marina-del-rey-los-angeles-ca","Restore Hyper Wellness - Marina Del Rey","community","2026-08-16",,"4635 Admiralty Way, Suite 101","Marina Del Rey","CA","90292","los-angeles-ca","Los Angeles","33.981206","-118.441204","cryotherapy|infrared_sauna|compression|red_light","unpublished",,,,"",,,,,"Mon-Fri 10am-6pm, Sat 9am-5pm, Sun 10am-5pm","https://www.restore.com/locations/ca-marina-del-rey-ca016",,"+1-424-352-3523","https://findsaunaplunge.com/venue/restore-hyper-wellness-marina-del-rey-los-angeles-ca/"
"perspire-sauna-studio-brentwood-los-angeles-ca","Perspire Sauna Studio - Brentwood","community","2026-08-16",,"11819 Wilshire Boulevard, Ste 207","Los Angeles","CA","90025","los-angeles-ca","Los Angeles","34.047796","-118.463008","infrared_sauna|red_light","private_suite",,,,"",,,,,,"https://www.perspiresaunastudio.com/locations/brentwood",,"+1-310-694-0126","https://findsaunaplunge.com/venue/perspire-sauna-studio-brentwood-los-angeles-ca/"
"perspire-sauna-studio-santa-monica-los-angeles-ca","Perspire Sauna Studio - Santa Monica","community","2026-08-16",,"924 Montana Avenue","Santa Monica","CA","90403","los-angeles-ca","Los Angeles","34.028626","-118.49946","infrared_sauna|red_light","private_suite",,,,"",,,,,,"https://www.perspiresaunastudio.com/locations/santa-monica",,"+1-310-526-8760","https://findsaunaplunge.com/venue/perspire-sauna-studio-santa-monica-los-angeles-ca/"
"perspire-sauna-studio-porter-ranch-los-angeles-ca","Perspire Sauna Studio - Porter Ranch","community","2026-08-16",,"19727 Rinaldi Street","Porter Ranch","CA","91326","los-angeles-ca","Los Angeles","34.274887","-118.563019","infrared_sauna|red_light","private_suite",,,,"",,,,,,"https://www.perspiresaunastudio.com/locations/porter-ranch",,"+1-818-722-6336","https://findsaunaplunge.com/venue/perspire-sauna-studio-porter-ranch-los-angeles-ca/"
"pause-studio-venice-los-angeles-ca","Pause Studio - Venice","community","2026-08-16",,"13353 W Washington Blvd","Los Angeles","CA","90066","los-angeles-ca","Los Angeles","33.992603","-118.443656","infrared_sauna|cold_plunge|float|compression|red_light","private_suite",,,,"",,,,,,"https://pausestudio.com/venice/contrast-therapy",,"+1-310-359-0979","https://findsaunaplunge.com/venue/pause-studio-venice-los-angeles-ca/"
"pause-studio-brentwood-los-angeles-ca","Pause Studio - Brentwood","community","2026-08-16",,"11611 San Vicente Blvd #GF3","Los Angeles","CA","90049","los-angeles-ca","Los Angeles","34.054016","-118.462312","infrared_sauna|cold_plunge|cryotherapy|float|compression|red_light","private_suite",,,,"",,,,,,"https://pausestudio.com/brentwood/contrast-therapy",,"+1-424-757-6860","https://findsaunaplunge.com/venue/pause-studio-brentwood-los-angeles-ca/"
"pause-studio-west-hollywood-los-angeles-ca","Pause Studio - West Hollywood","community","2026-08-16",,"937 N. Sycamore Ave","Los Angeles","CA","90038","los-angeles-ca","Los Angeles","34.087764","-118.34285","infrared_sauna|cold_plunge|cryotherapy|float|compression|red_light","private_suite",,,,"",,,,,,"https://pausestudio.com/west-hollywood/contrast-therapy",,"+1-310-870-3551","https://findsaunaplunge.com/venue/pause-studio-west-hollywood-los-angeles-ca/"
"pause-studio-studio-city-los-angeles-ca","Pause Studio - Studio City","community","2026-08-16",,"12930 Ventura Blvd Suite 124","Studio City","CA","91604","los-angeles-ca","Los Angeles","34.145153","-118.414276","infrared_sauna|cold_plunge|cryotherapy|float|compression|red_light","private_suite",,,,"",,,,,,"https://pausestudio.com/studio-city/contrast-therapy",,"+1-213-348-6627","https://findsaunaplunge.com/venue/pause-studio-studio-city-los-angeles-ca/"
"remedy-place-west-hollywood-los-angeles-ca","Remedy Place - West Hollywood","community","2026-08-16",,"8305 Sunset Boulevard","West Hollywood","CA","90069","los-angeles-ca","Los Angeles","34.096506","-118.370522","cold_plunge|infrared_sauna|cryotherapy|red_light|compression","unpublished",,,,"",,,,,"9am - 8pm","https://www.remedyplace.com/clubs/weho",,"+1-323-645-7444","https://findsaunaplunge.com/venue/remedy-place-west-hollywood-los-angeles-ca/"
"icepass-blue-republic-crossfit-los-angeles-ca","IcePass at Blue Republic CrossFit","community","2026-08-16",,"3328 Pico Boulevard","Santa Monica","CA","90405","los-angeles-ca","Los Angeles","34.026981","-118.454903","cold_plunge|traditional_sauna","unpublished",,"50","299","",,,,,,"https://icepassla.com/locations/blue-republic-crossfit/","https://icepassla.com/pricing/","+1-415-654-1875","https://findsaunaplunge.com/venue/icepass-blue-republic-crossfit-los-angeles-ca/"
"icepass-paradiso-crossfit-los-angeles-ca","IcePass at Paradiso CrossFit","community","2026-08-16",,"711 Hampton Dr","Venice","CA","90291","los-angeles-ca","Los Angeles","33.994144","-118.474726","cold_plunge|traditional_sauna","unpublished",,"50","299","",,,,,,"https://icepassla.com/locations/paradiso-crossfit/","https://icepassla.com/pricing/","+1-415-654-1875","https://findsaunaplunge.com/venue/icepass-paradiso-crossfit-los-angeles-ca/"
"icepass-saba-los-angeles-ca","IcePass at Saba","community","2026-08-16",,"12912 Venice Blvd","Los Angeles","CA","90066","los-angeles-ca","Los Angeles","33.999453","-118.441522","cold_plunge|traditional_sauna","unpublished",,"50","299","",,,,,,"https://icepassla.com/locations/saba/","https://icepassla.com/pricing/","+1-415-654-1875","https://findsaunaplunge.com/venue/icepass-saba-los-angeles-ca/"
"icepass-sweat60-los-angeles-ca","IcePass at Sweat60","community","2026-08-16",,"2323 Lincoln Blvd","Santa Monica","CA","90405","los-angeles-ca","Los Angeles","34.009185","-118.478811","cold_plunge|traditional_sauna","unpublished",,"50","299","",,,,,,"https://icepassla.com/locations/sweat60/","https://icepassla.com/pricing/","+1-415-654-1875","https://findsaunaplunge.com/venue/icepass-sweat60-los-angeles-ca/"
"rvivl-playa-vista-los-angeles-ca","RVIVL","community","2026-08-16",,"12746 W Jefferson Blvd, Suite 3-3110","Playa Vista","CA","90094","los-angeles-ca","Los Angeles","33.977514","-118.41747","cold_plunge|infrared_sauna|red_light|compression","private_suite",,,,"","33","39",,,"Open Daily 9:00 AM - 9:00 PM","https://rvivl.co/","https://rvivl.co/memberships/","+1-213-686-5600","https://findsaunaplunge.com/venue/rvivl-playa-vista-los-angeles-ca/"
"teddys-hot-house-venice-los-angeles-ca","Teddy's Hot House","community","2026-08-16",,"1915 Lincoln Blvd","Venice","CA","90291","los-angeles-ca","Los Angeles","33.995851","-118.456603","traditional_sauna|cold_plunge","unpublished","48",,"250","",,,"195","195","Mon 7:30am-9pm, Tue 7:30am-9pm, Wed 12:30pm-9pm, Thu-Fri 7:30am-9pm, Sat-Sun 7:30am-9pm","https://www.teddyshothouse.com/","https://www.teddyshothouse.com/pricing","+1-310-437-0567","https://findsaunaplunge.com/venue/teddys-hot-house-venice-los-angeles-ca/"
"reset-on-third-los-angeles-ca","RESET on Third","community","2026-08-16",,"5818 West 3rd Street","Los Angeles","CA","90036","los-angeles-ca","Los Angeles","34.069082","-118.347009","infrared_sauna|cold_plunge","private_suite",,,,"",,,,,,"https://www.resetonthird.com/","https://www.resetonthird.com/memberships","+1-323-782-1045","https://findsaunaplunge.com/venue/reset-on-third-los-angeles-ca/"
"quantum-wellness-spa-los-angeles-ca","Quantum Wellness Spa","community","2026-08-16",,"1027 Wilshire Blvd","Los Angeles","CA","90017","los-angeles-ca","Los Angeles","34.052049","-118.262562","cold_plunge|infrared_sauna","unpublished",,,"250","",,,,,,"https://quantum.spa/","https://quantum.spa/memberships/","+1-213-474-7127","https://findsaunaplunge.com/venue/quantum-wellness-spa-los-angeles-ca/"
"renew-performance-center-pasadena-los-angeles-ca","Renew Performance Center","community","2026-08-16",,"600 E Colorado Blvd, Suite 110","Pasadena","CA","91101","los-angeles-ca","Los Angeles","34.145805","-118.13801","cold_plunge|infrared_sauna|red_light|compression","unpublished","40",,,"",,,,,"Mon-Fri 8am-8pm, Sat-Sun 10am-3pm","https://renewperformancecenter.com/","https://renewperformancecenter.com/pricing/","+1-626-345-5314","https://findsaunaplunge.com/venue/renew-performance-center-pasadena-los-angeles-ca/"
"wi-spa-los-angeles-ca","Wi Spa","community","2026-08-16",,"2700 Wilshire Boulevard","Los Angeles","CA","90057","los-angeles-ca","Los Angeles","34.060887","-118.282411","cold_plunge|traditional_sauna|steam_room","unpublished",,"40",,"",,,"231","231","Open 24 hours a day, 7 days a week","https://wispausa.com/","https://wispausa.com/services/","+1-213-487-2700","https://findsaunaplunge.com/venue/wi-spa-los-angeles-ca/"
"olympic-spa-los-angeles-ca","Olympic Spa","community","2026-08-16",,"3915 W Olympic Blvd","Los Angeles","CA","90019","los-angeles-ca","Los Angeles","34.053549","-118.31977","cold_plunge|traditional_sauna|steam_room","unpublished",,,"400","",,,,,,"https://olympicspala.com/","https://olympicspala.com/?page_id=4381","+1-323-857-0666","https://findsaunaplunge.com/venue/olympic-spa-los-angeles-ca/"
"pure-recovery-sherman-oaks-los-angeles-ca","Pure Recovery","community","2026-08-16",,"14613 Ventura Blvd","Sherman Oaks","CA","91403","los-angeles-ca","Los Angeles","34.15142","-118.45136","cold_plunge|traditional_sauna|infrared_sauna|compression|red_light","unpublished",,,,"",,,,,"Open Daily 9am - 9pm","https://purerecovery.com/","https://purerecovery.com/memberships/","+1-818-855-1117","https://findsaunaplunge.com/venue/pure-recovery-sherman-oaks-los-angeles-ca/"
"house-of-the-sun-woodland-hills-los-angeles-ca","House of the Sun","community","2026-08-16",,"5502 Penfield Ave","Woodland Hills","CA","91364","los-angeles-ca","Los Angeles","34.170629","-118.568308","steam_room|traditional_sauna|cold_plunge","private_suite","250",,,"",,,,,,"https://houseofsun.co/","https://houseofsun.co/","+1-888-884-7775","https://findsaunaplunge.com/venue/house-of-the-sun-woodland-hills-los-angeles-ca/"
"be-spa-redondo-beach-los-angeles-ca","Be Spa","community","2026-08-16",,"901 N Catalina Ave #102","Redondo Beach","CA","90277","los-angeles-ca","Los Angeles","33.850147","-118.391524","cold_plunge|infrared_sauna|cryotherapy|float|red_light|compression","private_suite","100",,,"",,,,,,"https://www.bespaclub.com/pricing","https://www.bespaclub.com/pricing","+1-310-372-4397","https://findsaunaplunge.com/venue/be-spa-redondo-beach-los-angeles-ca/"
"life-time-brea-los-angeles-ca","Life Time Brea","brand_import","2026-08-26","life-time","1600 Brea Mall Road","Brea","CA","92821","los-angeles-ca","Los Angeles","33.91487558","-117.8880659","cold_plunge|steam_room|traditional_sauna","communal",,,,"",,,,,"Mon–Sun 4:00am–12:00am","https://www.lifetime.life/locations/ca/brea/amenities.html",,"+1-714-988-1950","https://findsaunaplunge.com/venue/life-time-brea-los-angeles-ca/"
"equinox-century-city-los-angeles-ca","Equinox Century City","brand_import","2026-08-26","equinox","10250 Santa Monica Boulevard","Century City","CA","90067","los-angeles-ca","Los Angeles","34.058399","-118.419007","cold_plunge|steam_room|traditional_sauna","communal",,,,"",,,,,"Mon–Thu 5:00am–10:00pm, Fri 5:00am–9:00pm, Sat–Sun 7:00am–7:00pm","https://www.equinox.com/clubs/southern-california/los-angeles/centurycity",,"+1-310-486-5821","https://findsaunaplunge.com/venue/equinox-century-city-los-angeles-ca/"
"the-plunge-and-sauna-method-miami-fl","The Plunge and Sauna Method","community","2026-07-31",,"6808 SW 81st St","Miami","FL","33143","miami-fl","Miami","25.695324","-80.303011","cold_plunge","unpublished",,,,"",,,,,,"https://www.theplungeandsaunamethod.com/",,,"https://findsaunaplunge.com/venue/the-plunge-and-sauna-method-miami-fl/"
"sila-miami-fl","SILA","community","2026-07-31",,"5030 NE 2nd Ave, Unit 405","Miami","FL","33137","miami-fl","Miami","25.82182","-80.191784","cold_plunge|traditional_sauna|red_light","unpublished",,,,"","39","55","165","185","Tue–Wed 12:00pm–8:00pm, Thu 10:00am–8:00pm, Fri 12:00pm–8:00pm, Sat–Sun 11:00am–6:00pm; Mon private bookings only","https://silamiami.com/sauna-and-cold-plunge-in-miami-fl/",,,"https://findsaunaplunge.com/venue/sila-miami-fl/"
"adapt-performance-north-miami-fl","ADAPT Performance","community","2026-07-31",,"14901 NE 20th Ave, Studio A","North Miami","FL","33181","miami-fl","Miami","25.912246","-80.159186","cold_plunge|traditional_sauna","unpublished",,,,"",,,,,"Mon–Fri 5:30am–9:00pm, Sat–Sun 8:00am–4:00pm","https://trainadapt.com/adapts-cold-plunge-in-north-miami-the-ultimate-recovery-tool-for-serious-training/",,,"https://findsaunaplunge.com/venue/adapt-performance-north-miami-fl/"
"hydrology-wellness-miami-fl","Hydrology Wellness","community","2026-07-31",,"1340 S Dixie Hwy, Ste 110","Coral Gables","FL","33146","miami-fl","Miami","25.712939","-80.278763","cold_plunge|infrared_sauna","unpublished","50",,,"",,,,,"Mon 10:00am–6:00pm, Tue 10:00am–7:00pm, Wed 10:00am–6:00pm, Thu 10:00am–7:00pm, Fri 10:00am–6:00pm, Sat 9:00am–4:00pm, Sun closed","https://www.hydrologywellness.com/",,,"https://findsaunaplunge.com/venue/hydrology-wellness-miami-fl/"
"the-ice-room-brickell-miami-fl","The Ice Room — Brickell","community","2026-08-01",,"1200 Brickell Bay Dr, Ste 106","Miami","FL","33131","miami-fl","Miami","25.761792","-80.189823","cold_plunge|infrared_sauna|compression","unpublished",,,,"",,,,,"Mon–Fri 8:00am–7:00pm, Sat 7:00am–6:00pm, Sun closed","https://theiceroommiami.com/",,"+1-305-798-7302","https://findsaunaplunge.com/venue/the-ice-room-brickell-miami-fl/"
"restore-hyper-wellness-pinecrest-miami-fl","Restore Hyper Wellness - Pinecrest","community","2026-08-16",,"11723 S Dixie Hwy","Pinecrest","FL","33156","miami-fl","Miami","25.66272","-80.325271","cryotherapy|infrared_sauna|compression|red_light","unpublished",,,"200","",,,,,"Mon-Fri 10AM-7PM; Sat-Sun 10AM-5PM","https://www.restore.com/locations/fl-pinecrest-fl005","https://www.restore.com/locations/fl-pinecrest-fl005","+1-305-459-3613","https://findsaunaplunge.com/venue/restore-hyper-wellness-pinecrest-miami-fl/"
"restore-hyper-wellness-pembroke-pines-miami-fl","Restore Hyper Wellness - Pembroke Pines","community","2026-08-16",,"14914 Pines Blvd","Pembroke Pines","FL","33027","miami-fl","Miami","26.007544","-80.347628","cryotherapy|infrared_sauna|compression|red_light","unpublished",,,"240","",,,,,"Mon-Fri 10AM-7PM; Sat 10AM-5PM; Sun 11AM-4PM","https://www.restore.com/locations/fl-pembroke-pines-fl087","https://www.restore.com/locations/fl-pembroke-pines-fl087","+1-954-857-2244","https://findsaunaplunge.com/venue/restore-hyper-wellness-pembroke-pines-miami-fl/"
"alive-miami-brickell-miami-fl","Alive Miami","community","2026-08-16",,"901 S Miami Ave, Suite 211","Miami","FL","33130","miami-fl","Miami","25.765393","-80.193216","infrared_sauna|cold_plunge|red_light","unpublished",,,"199","",,,,,"Mon-Sat 10AM-6PM; Sun 10AM-2PM","https://alivemiami.com/brickell/","https://alivemiami.setmore.com/","+1-305-897-7121","https://findsaunaplunge.com/venue/alive-miami-brickell-miami-fl/"
"icryo-plantation-miami-fl","iCRYO Plantation","community","2026-08-16",,"1011 South University Drive","Plantation","FL","33317","miami-fl","Miami","26.108263","-80.250345","cryotherapy|infrared_sauna|compression|red_light","unpublished",,,,"",,,,,"Mon-Fri 11:30am-6pm; Sat 10am-4pm; Sun closed","https://icryo.com/location/plantation-fl/","https://icryo.com/location/plantation-fl/","+1-954-270-4703","https://findsaunaplunge.com/venue/icryo-plantation-miami-fl/"
"hotworx-miami-dadeland-miami-fl","HOTWORX - Miami (Dadeland)","community","2026-08-16",,"9012 Dadeland Blvd","Miami","FL","33156","miami-fl","Miami","25.686739","-80.31348","infrared_sauna","unpublished",,,,"",,,,,"24/7 member access","https://www.hotworx.net/studio/miami-dadeland","https://www.hotworx.net/studio/miami-dadeland","+1-786-806-6819","https://findsaunaplunge.com/venue/hotworx-miami-dadeland-miami-fl/"
"hotworx-miami-lakes-miami-fl","HOTWORX - Miami Lakes","community","2026-08-16",,"18440 NW 67th Ave","Hialeah","FL","33015","miami-fl","Miami","25.941088","-80.306925","infrared_sauna","unpublished",,,,"",,,,,"24/7 member access","https://www.hotworx.net/studio/miamilakes","https://www.hotworx.net/studio/miamilakes","+1-786-772-7972","https://findsaunaplunge.com/venue/hotworx-miami-lakes-miami-fl/"
"elixr-wellness-lounge-miami-fl","ELIXR Wellness Lounge","community","2026-08-16",,"175 SW 7th St, Suite 1102","Miami","FL","33130","miami-fl","Miami","25.767327","-80.197071","cold_plunge|infrared_sauna","unpublished","25",,"99","",,,,,,"https://www.elixrme.com/cold-plunge","https://www.elixrme.com/cold-plunge",,"https://findsaunaplunge.com/venue/elixr-wellness-lounge-miami-fl/"
"hotworx-north-miami-beach-miami-fl","HOTWORX - North Miami Beach (163rd St)","community","2026-08-16",,"2035 NE 163rd Street","North Miami Beach","FL","33162","miami-fl","Miami","25.926086","-80.159259","infrared_sauna","unpublished",,,,"",,,,,"24/7 member access","https://www.hotworx.net/studio/northmiamibeach-163rdst","https://www.hotworx.net/studio/northmiamibeach-163rdst","+1-786-567-9161","https://findsaunaplunge.com/venue/hotworx-north-miami-beach-miami-fl/"
"hotworx-miami-wynwood-miami-fl","HOTWORX - Miami (Wynwood)","community","2026-08-16",,"2700 North Miami Ave","Miami","FL","33127","miami-fl","Miami","25.802321","-80.195104","infrared_sauna","unpublished",,,,"",,,,,"24/7 member access","https://www.hotworx.net/studio/miami-wynwood","https://www.hotworx.net/studio/miami-wynwood","+1-305-414-6387","https://findsaunaplunge.com/venue/hotworx-miami-wynwood-miami-fl/"
"anatomy-coconut-grove-miami-fl","Anatomy - Coconut Grove","community","2026-08-16",,"3363 Pan American Drive","Coconut Grove","FL","33133","miami-fl","Miami","25.72935","-80.2356","cold_plunge|infrared_sauna|steam_room","unpublished",,"100",,"",,,,,"Mon-Fri 5:00am-10:00pm; Sat-Sun 7:00am-7:00pm","https://anatomyfitness.com/locations/","https://anatomyfitness.com/locations/","+1-786-275-4477","https://findsaunaplunge.com/venue/anatomy-coconut-grove-miami-fl/"
"anatomy-miami-beach-miami-fl","Anatomy at 1220 - Miami Beach","community","2026-08-16",,"1212 Lincoln Road, Suite 204","Miami Beach","FL","33139","miami-fl","Miami","25.79036","-80.141956","cold_plunge|traditional_sauna|infrared_sauna|steam_room|compression","unpublished",,,,"",,,,,"Mon-Fri 5:00am-10:00pm; Sat-Sun 7:00am-7:00pm","https://anatomyfitness.com/locations/","https://anatomyfitness.com/locations/","+1-786-213-1220","https://findsaunaplunge.com/venue/anatomy-miami-beach-miami-fl/"
"anatomy-aventura-miami-fl","Anatomy - Aventura","community","2026-08-16",,"19505 Biscayne Blvd","Aventura","FL","33180","miami-fl","Miami","25.957041","-80.146841","cold_plunge|traditional_sauna|steam_room|compression","unpublished",,"100",,"",,,,,"Mon-Fri 5:00am-10:00pm; Sat-Sun 7:00am-7:00pm","https://anatomyfitness.com/locations/","https://anatomyfitness.com/locations/","+1-954-299-3737","https://findsaunaplunge.com/venue/anatomy-aventura-miami-fl/"
"anatomy-midtown-miami-fl","Anatomy - Midtown","community","2026-08-16",,"3415 NE 2nd Avenue","Miami","FL","33137","miami-fl","Miami","25.808694","-80.191138","cold_plunge|traditional_sauna|infrared_sauna|steam_room|compression","unpublished",,"100",,"",,,,,"Mon-Fri 5:00am-10:00pm; Sat-Sun 8:00am-8:00pm","https://anatomyfitness.com/locations/","https://anatomyfitness.com/locations/","+1-786-300-7415","https://findsaunaplunge.com/venue/anatomy-midtown-miami-fl/"
"anatomy-doral-miami-fl","Anatomy - Doral","community","2026-08-16",,"3450 NW 83 Ave, Suite 200","Doral","FL","33122","miami-fl","Miami","25.809209","-80.331303","cold_plunge|traditional_sauna|infrared_sauna|compression","unpublished",,"50",,"",,,,,"Mon-Fri 5:00am-10:00pm; Sat-Sun 8:00am-7:00pm","https://anatomyfitness.com/locations/","https://anatomyfitness.com/locations/","+1-305-423-8364","https://findsaunaplunge.com/venue/anatomy-doral-miami-fl/"
"russian-turkish-baths-miami-beach-miami-fl","Russian & Turkish Baths","community","2026-08-16",,"5445 Collins Ave","Miami Beach","FL","33140","miami-fl","Miami","25.834001","-80.120883","traditional_sauna|steam_room|cold_plunge","unpublished","65",,,"",,,,,,"https://www.russianandturkishbaths.com/miami-amenities","https://www.russianandturkishbaths.com/admission-card","+1-305-867-8313","https://findsaunaplunge.com/venue/russian-turkish-baths-miami-beach-miami-fl/"
"pause-studio-fort-lauderdale-miami-fl","Pause Studio - Fort Lauderdale","community","2026-08-16",,"2071 E. Oakland Park Blvd","Fort Lauderdale","FL","33306","miami-fl","Miami","26.167216","-80.121068","cold_plunge|infrared_sauna","private_suite",,,"89","",,,,,,"https://pausestudio.com/locations/fort-lauderdale","https://pausestudio.com/fort-lauderdale/contrast-therapy","+1-754-704-6964","https://findsaunaplunge.com/venue/pause-studio-fort-lauderdale-miami-fl/"
"the-space-fort-lauderdale-miami-fl","The Space Fort Lauderdale","community","2026-08-16",,"1271 NE 9th Ave","Fort Lauderdale","FL","33304","miami-fl","Miami","26.142058","-80.134927","cold_plunge|traditional_sauna|red_light","unpublished","40",,"195","","37","55","176","198","Mon-Fri 6:00AM-7:00PM; Sat-Sun 8:00AM-2:00PM","https://thespaceftl.com/","https://thespaceftl.com/hours-and-pricing/","+1-561-590-2969","https://findsaunaplunge.com/venue/the-space-fort-lauderdale-miami-fl/"
"vitality-by-pam-fort-lauderdale-miami-fl","Vitality by Pam","community","2026-08-24",,"919 NE 20th Ave","Fort Lauderdale","FL","33304","miami-fl","Miami","26.13661","-80.119577","cold_plunge|infrared_sauna|red_light","unpublished","39",,,"",,,,,"Mon 10am-2pm; Tue-Fri 10am-8pm; Sat-Sun 10am-4pm","https://www.vitalitybypam.com/","https://www.vitalitybypam.com/appointments/","+1-954-727-3329","https://findsaunaplunge.com/venue/vitality-by-pam-fort-lauderdale-miami-fl/"
"reflow-cold-plunge-and-sauna-oakland-park-miami-fl","ReFlow Cold Plunge and Sauna","community","2026-08-16",,"3901 Northeast 5th Terrace, Unit 1","Oakland Park","FL","33334","miami-fl","Miami","26.174887","-80.139702","cold_plunge|traditional_sauna","unpublished",,,,"",,,,,"Mon-Thu 6AM-1:30PM & 4PM-8PM; Fri 6AM-1:30PM & 4PM-7PM; Sat 9AM-12PM","https://www.reflowfl.com/","https://www.reflowfl.com/","+1-954-686-0087","https://findsaunaplunge.com/venue/reflow-cold-plunge-and-sauna-oakland-park-miami-fl/"
"miami-ice-club-brickell-miami-fl","Miami Ice Club - Brickell","community","2026-08-16",,"690 SW 1st Ct","Miami","FL","33130","miami-fl","Miami","25.772737","-80.205827","cold_plunge","unpublished",,,"115","",,,,,"Wed 7-8:30am; Fri 6-7:30pm; Sun 11am-12:30pm","https://www.miamiiceclub.com/","https://www.miamiiceclub.com/collections/memberships-and-passes",,"https://findsaunaplunge.com/venue/miami-ice-club-brickell-miami-fl/"
"life-time-miami-at-the-falls-miami-fl","Life Time Miami at The Falls","brand_import","2026-08-26","life-time","8778 SW 136th Street","Miami","FL","33176","miami-fl","Miami","25.64329199","-80.33608123","cold_plunge|traditional_sauna|steam_room","communal",,,,"",,,,,"Mon–Fri 4:00am–12:00am, Sat–Sun 5:00am–10:00pm","https://www.lifetime.life/locations/fl/miami/amenities.html",,"+1-786-977-6100","https://findsaunaplunge.com/venue/life-time-miami-at-the-falls-miami-fl/"
"beem-light-sauna-downtown-minneapolis-mn","beem Light Sauna — Downtown Minneapolis","community","2026-08-06","beem-light-sauna","623 Washington Avenue South","Minneapolis","MN","55415","minneapolis-mn","Minneapolis","44.978071","-93.259668","infrared_sauna|red_light","private_suite",,,"129","",,,,,"Mon–Thu 8:00am–8:00pm, Fri 8:00am–5:00pm, Sat–Sun 9:00am–5:00pm","https://www.beemlightsauna.com/location/downtown-minneapolis",,"+1-612-299-1127","https://findsaunaplunge.com/venue/beem-light-sauna-downtown-minneapolis-mn/"
"carpe-diem-como-ave-st-paul-mn","Carpe Diem Studio — Como Ave","community","2026-08-02","carpe-diem-studio","2290 Como Ave","St. Paul","MN","55108","minneapolis-mn","Minneapolis","44.982097","-93.195505","infrared_sauna|cold_plunge|red_light|compression","mixed","20",,"60","","50","50","140","140","Service hours Mon–Sun 9:00am–8:00pm (the studio also publishes separate class hours from 6:00am)","https://carpediemstudiomn.com/","https://carpediemstudiomn.com/schedule","+1-651-348-6216","https://findsaunaplunge.com/venue/carpe-diem-como-ave-st-paul-mn/"
"carpe-diem-northeast-minneapolis-mn","Carpe Diem Studio — Northeast","community","2026-08-02","carpe-diem-studio","1209 Tyler St NE, Unit 180","Minneapolis","MN","55413","minneapolis-mn","Minneapolis","45.000271","-93.246005","cold_plunge|infrared_sauna|red_light","private_suite","20",,"60","","50","50","140","140",,"https://carpediemstudiomn.com/northeast","https://onelink.to/qwqbz7","+1-612-200-9618","https://findsaunaplunge.com/venue/carpe-diem-northeast-minneapolis-mn/"
"embrace-north-minneapolis-mn","Embrace North","community","2026-08-02",,"811 9th St SE","Minneapolis","MN","55414","minneapolis-mn","Minneapolis","44.988998","-93.240761","cold_plunge|traditional_sauna","communal","27.5",,"49.95","","38","43","200","200","Mon–Fri 5:30am–9:15pm, Sat–Sun (see venue)","https://embracenorth.com/","https://embracenorth.com/schedule",,"https://findsaunaplunge.com/venue/embrace-north-minneapolis-mn/"
"forest-floor-wellness-burnsville-mn","Forest Floor Wellness","community","2026-08-02",,"14573 Grand Ave","Burnsville","MN","55306","minneapolis-mn","Minneapolis","44.73871","-93.282039","traditional_sauna","private_suite","40",,,"",,,"180","180","Sun closed; Mon 12:30pm–8:30pm (see venue for the rest of the week)","https://forestfloorwellness.com/","https://forestfloorwellness.com/sauna#saunabooking","+1-763-388-1717","https://findsaunaplunge.com/venue/forest-floor-wellness-burnsville-mn/"
"minnesota-integrative-health-studio-minneapolis-mn","Minnesota Integrative Health Studio","community","2026-08-02",,"1224 2nd Street NE","Minneapolis","MN","55413","minneapolis-mn","Minneapolis","45.000117","-93.266228","infrared_sauna","private_suite","20",,"170","",,,,,,"https://www.mnintegrative.com/","https://mnintegrative.janeapp.com/locations/minnesota-integrative-health-studio/book","+1-612-345-5648","https://findsaunaplunge.com/venue/minnesota-integrative-health-studio-minneapolis-mn/"
"nordhaven-white-bear-lake-mn","NØRDHAVEN","community","2026-08-02",,"5050 Lake Ave","White Bear Lake","MN","55110","minneapolis-mn","Minneapolis","45.09268","-92.999448","traditional_sauna|cold_plunge","communal","45",,,"",,,,,,"https://www.nordhavensauna.com/","https://nrdhaven.as.me/",,"https://findsaunaplunge.com/venue/nordhaven-white-bear-lake-mn/"
"portal-west-maka-ska-minneapolis-mn","PORTAL° West Maka Ska","community","2026-08-24","portal","3120 Excelsior Blvd","Minneapolis","MN","55409","minneapolis-mn","Minneapolis","44.945945","-93.322527","cold_plunge|traditional_sauna","communal",,,"99","",,,,,,"https://www.portalthermaculture.com/minneapolis","https://book.portalthermaculture.com/book-session?region=1&location=3&members=1","+1-612-280-3997","https://findsaunaplunge.com/venue/portal-west-maka-ska-minneapolis-mn/"
"relaxing-healthy-center-bloomington-mn","Relaxing Healthy Center","community","2026-08-02",,"7827 Portland Avenue South","Bloomington","MN","55420","minneapolis-mn","Minneapolis","44.861254","-93.268071","traditional_sauna|steam_room","communal",,"40",,"",,,,,"Spring/Summer 10:00am–10:30pm daily","https://www.relaxinghealthy.center/",,"+1-952-456-8681","https://findsaunaplunge.com/venue/relaxing-healthy-center-bloomington-mn/"
"sauna-camp-independence-mn","Sauna Camp","community","2026-08-06",,"3425 Ihduhapi Trail","Independence","MN","55357","minneapolis-mn","Minneapolis","45.046993","-93.65113","traditional_sauna|cold_plunge","communal","55",,,"",,,"170","200",,"https://www.saunacamps.com/","https://fareharbor.com/embeds/book/saunacamps/?full-items=yes","+1-612-260-2460","https://findsaunaplunge.com/venue/sauna-camp-independence-mn/"
"sauna-strong-minneapolis-mn","Sauna Strong","community","2026-08-02",,"4420 Drew Avenue South, Suite B","Minneapolis","MN","55410","minneapolis-mn","Minneapolis","44.922478","-93.326628","traditional_sauna|infrared_sauna|red_light|compression","mixed","20",,"89","",,,,,"Mon–Fri 5:30am–8:00pm, Sat 8:00am–6:00pm (Sunday hours are not reliably published)","https://saunastrong.com/","https://saunastrong.com/drop-ins-packages/","+1-414-254-5928","https://findsaunaplunge.com/venue/sauna-strong-minneapolis-mn/"
"the-parc-blaine-mn","The PARC","community","2026-08-02",,"2180 105th Ave NE, Suite 200","Blaine","MN","55449","minneapolis-mn","Minneapolis","45.16049","-93.215376","cold_plunge|traditional_sauna|infrared_sauna","unpublished","39.99",,,"",,,,,"Mon–Fri 5:00am–9:00pm, Sat–Sun 7:00am–7:00pm","https://www.theparcmn.com/","https://www.theparcmn.com/appointments/","+1-612-682-7272","https://findsaunaplunge.com/venue/the-parc-blaine-mn/"
"rooftop-hewing-hotel-minneapolis-mn","The Rooftop at Hewing Hotel","community","2026-08-02",,"300 N Washington Ave","Minneapolis","MN","55401","minneapolis-mn","Minneapolis","44.984593","-93.272513","traditional_sauna","communal",,"65",,"",,,,,"Daily 7:00am–midnight","https://hewinghotel.com/dining/the-rooftop/",,"+1-651-468-0400","https://findsaunaplunge.com/venue/rooftop-hewing-hotel-minneapolis-mn/"
"the-yard-superior-sauna-minneapolis-mn","The Yard at Superior Sauna & Steam","community","2026-08-02",,"4355 Nicollet Ave","Minneapolis","MN","55409","minneapolis-mn","Minneapolis","44.92408","-93.277851","traditional_sauna","communal","25",,"50","",,,"176","200",,"https://superiorsaunas.com/pages/events","https://www.exploretock.com/superiorsaunaevents","+1-612-460-0992","https://findsaunaplunge.com/venue/the-yard-superior-sauna-minneapolis-mn/"
"watershed-spa-main-minneapolis-mn","Watershed Spa — Watershed Main","community","2026-08-02",,"514 2nd St SE","Minneapolis","MN","55414","minneapolis-mn","Minneapolis","44.983362","-93.249606","cold_plunge|traditional_sauna|steam_room","communal","63",,"155","",,,,,"Open daily 9:00am–11:00pm, last entry 9:00pm","https://www.watershedspa.com/","https://na2.meevo.com/CustomerPortal/onlinebooking?tenantId=501539&locationId=501980","+1-612-331-4182","https://findsaunaplunge.com/venue/watershed-spa-main-minneapolis-mn/"
"beem-light-sauna-savage-minneapolis-mn","beem Light Sauna — Savage","community","2026-08-15","beem-light-sauna","8160 County Road 42 Suite 400","Savage","MN","55378","minneapolis-mn","Minneapolis","44.746392","-93.382684","infrared_sauna|red_light","unpublished",,,"129","",,,,,"Mon-Thu 7AM-8PM, Fri-Sat 7AM-5PM, Sun 11AM-5PM","https://www.beemlightsauna.com/location/savage",,"+1-952-641-0001","https://findsaunaplunge.com/venue/beem-light-sauna-savage-minneapolis-mn/"
"beem-light-sauna-woodbury-minneapolis-mn","beem Light Sauna — Woodbury","community","2026-08-15","beem-light-sauna","7030 Valley Creek Plaza Suite 102","Woodbury","MN","55125","minneapolis-mn","Minneapolis","44.926275","-92.963409","infrared_sauna|red_light","unpublished",,,"129","",,,,,"Mon-Thu 8AM-8PM, Fri 8AM-5PM, Sat 9AM-3PM, Sun 11AM-5PM","https://www.beemlightsauna.com/location/woodbury",,"+1-612-394-5300","https://findsaunaplunge.com/venue/beem-light-sauna-woodbury-minneapolis-mn/"
"beem-light-sauna-st-louis-park-minneapolis-mn","beem Light Sauna — St. Louis Park","community","2026-08-15","beem-light-sauna","4724 Excelsior Blvd","St. Louis Park","MN","55416","minneapolis-mn","Minneapolis","44.933299","-93.34053","infrared_sauna|red_light","unpublished",,,"129","",,,,,"Mon 9AM-8PM, Tue-Thu 8AM-8PM, Fri 8AM-5PM, Sat 9AM-5PM, Sun 10AM-4PM","https://www.beemlightsauna.com/location/st-louis-park",,"+1-952-900-3380","https://findsaunaplunge.com/venue/beem-light-sauna-st-louis-park-minneapolis-mn/"
"beem-light-sauna-excelsior-minneapolis-mn","beem Light Sauna — Excelsior","community","2026-08-15","beem-light-sauna","355 2nd Street Suite 400","Excelsior","MN","55331","minneapolis-mn","Minneapolis","44.903806","-93.566683","infrared_sauna|red_light","unpublished",,,"129","",,,,,"Mon-Thu 8AM-8PM, Fri 8AM-5PM, Sat 9AM-3PM, Sun 11AM-5PM","https://www.beemlightsauna.com/location/excelsior",,"+1-612-361-3340","https://findsaunaplunge.com/venue/beem-light-sauna-excelsior-minneapolis-mn/"
"restore-hyper-wellness-blaine-minneapolis-mn","Restore Hyper Wellness — Blaine","community","2026-08-15","restore-hyper-wellness","12410 Aberdeen St NE, #500","Blaine","MN","55449","minneapolis-mn","Minneapolis","45.194344","-93.232807","red_light|cryotherapy|infrared_sauna|compression","unpublished",,,"170","",,,,,"Mon-Fri 10AM-6PM, Sat 9AM-5PM, Sun 11AM-5PM","https://www.restore.com/locations/mn-blaine-mn005","https://www.restore.com/locations/mn-blaine-mn005","+1-763-703-5116","https://findsaunaplunge.com/venue/restore-hyper-wellness-blaine-minneapolis-mn/"
"restore-hyper-wellness-woodbury-minneapolis-mn","Restore Hyper Wellness — Woodbury","community","2026-08-15","restore-hyper-wellness","720 Commons Drive, Unit 140","Woodbury","MN","55125","minneapolis-mn","Minneapolis","44.93886","-92.93208","red_light|cryotherapy|infrared_sauna|compression","unpublished",,,"190","",,,,,"Mon-Fri 10AM-7PM, Sat 9AM-5PM, Sun 11AM-5PM","https://www.restore.com/locations/mn-woodbury-mn001","https://www.restore.com/locations/mn-woodbury-mn001","+1-651-493-0428","https://findsaunaplunge.com/venue/restore-hyper-wellness-woodbury-minneapolis-mn/"
"restore-hyper-wellness-apple-valley-minneapolis-mn","Restore Hyper Wellness — Apple Valley","community","2026-08-15","restore-hyper-wellness","15662 Pilot Knob Rd., Ste 120","Apple Valley","MN","55124","minneapolis-mn","Minneapolis","44.721729","-93.176764","red_light|cryotherapy|infrared_sauna|compression","unpublished",,,"190","",,,,,"Mon-Thu 10AM-7PM, Fri-Sat 9AM-5PM, Sun 11AM-5PM","https://www.restore.com/locations/mn-apple-valley-mn004","https://www.restore.com/locations/mn-apple-valley-mn004","+1-952-236-8497","https://findsaunaplunge.com/venue/restore-hyper-wellness-apple-valley-minneapolis-mn/"
"restore-hyper-wellness-maple-grove-minneapolis-mn","Restore Hyper Wellness — Maple Grove","community","2026-08-15","restore-hyper-wellness","12215 Elm Creek Blvd, #B30","Maple Grove","MN","55369","minneapolis-mn","Minneapolis","45.093995","-93.436707","red_light|cryotherapy|infrared_sauna|compression","unpublished",,,"190","",,,,,"Mon-Thu 10AM-7PM, Fri 10AM-6PM, Sat 9AM-5PM, Sun 10AM-4PM","https://www.restore.com/locations/mn-maple-grove-mn003","https://www.restore.com/locations/mn-maple-grove-mn003","+1-763-331-0869","https://findsaunaplunge.com/venue/restore-hyper-wellness-maple-grove-minneapolis-mn/"
"perspire-sauna-studio-maple-grove-minneapolis-mn","Perspire Sauna Studio — Maple Grove","community","2026-08-15","perspire-sauna-studio","7808 Main Street","Maple Grove","MN","55369","minneapolis-mn","Minneapolis","45.097535","-93.441572","infrared_sauna|red_light","private_suite","40",,"89","",,,,,,"https://www.perspiresaunastudio.com/locations/maple-grove",,"+1-763-363-6570","https://findsaunaplunge.com/venue/perspire-sauna-studio-maple-grove-minneapolis-mn/"
"perspire-sauna-studio-plymouth-minneapolis-mn","Perspire Sauna Studio — Plymouth","community","2026-08-24","perspire-sauna-studio","3225 Vicksburg Lane North, Suite A","Plymouth","MN","55447","minneapolis-mn","Minneapolis","45.016717","-93.481824","infrared_sauna|red_light","private_suite","40",,"89","",,,,,"Mon-Thu 8AM-8PM, Fri 8AM-7PM, Sat 8AM-6PM, Sun 8AM-8PM","https://www.perspiresaunastudio.com/locations/plymouth",,"+1-763-292-3392","https://findsaunaplunge.com/venue/perspire-sauna-studio-plymouth-minneapolis-mn/"
"awaken-for-wellness-saint-paul-minneapolis-mn","Awaken for Wellness — Saint Paul","community","2026-08-15","awaken-for-wellness","1821 St. Clair Ave","St. Paul","MN","55105","minneapolis-mn","Minneapolis","44.934341","-93.177289","infrared_sauna|float|red_light|cold_plunge|pemf","unpublished","40",,"99","",,,,,"Mon unstaffed (massage/sauna still available), Tue-Fri 9AM-9PM, Sat-Sun 9AM-7PM; infrared sauna accessible 5AM-11PM daily","https://awakenforwellness.com/",,"+1-651-493-8459","https://findsaunaplunge.com/venue/awaken-for-wellness-saint-paul-minneapolis-mn/"
"awaken-for-wellness-woodbury-minneapolis-mn","Awaken for Wellness — Woodbury","community","2026-08-15","awaken-for-wellness","2110 Eagle Creek Ln, Suite 350","Woodbury","MN","55129","minneapolis-mn","Minneapolis","44.917819","-92.901696","infrared_sauna|red_light|cold_plunge|pemf","unpublished","40",,"99","",,,,,"Mon 10AM-6PM, Tue-Fri 9AM-8PM, Sat 9AM-6PM, Sun 9AM-3PM; infrared sauna & salt therapy accessible 5AM-11PM daily","https://awakenforwellness.com/",,"+1-651-436-1725","https://findsaunaplunge.com/venue/awaken-for-wellness-woodbury-minneapolis-mn/"
"ne-wellness-minneapolis-mn","NE Wellness","community","2026-08-15",,"1717 2nd St NE","Minneapolis","MN","55413","minneapolis-mn","Minneapolis","45.005533","-93.266034","red_light|infrared_sauna|float","unpublished",,,,"",,,,,,"https://newellnessmpls.com/red-light-therapy-mpls",,"+1-612-399-6322","https://findsaunaplunge.com/venue/ne-wellness-minneapolis-mn/"
"life-time-chanhassen-minneapolis-mn","Life Time Chanhassen","brand_import","2026-08-26","life-time","2901 Corporate Pl","Chanhassen","MN","55317","minneapolis-mn","Minneapolis","44.86154202","-93.59460191","cold_plunge|steam_room|traditional_sauna","communal",,,,"",,,,,"Mon–Thu 4:00am–11:00pm, Fri 4:00am–10:00pm, Sat–Sun 6:00am–9:00pm","https://www.lifetime.life/locations/mn/chanhassen/amenities.html",,"+1-952-380-0303","https://findsaunaplunge.com/venue/life-time-chanhassen-minneapolis-mn/"
"life-time-eagan-minneapolis-mn","Life Time Eagan","brand_import","2026-08-26","life-time","1565 Thomas Center Dr","Eagan","MN","55122","minneapolis-mn","Minneapolis","44.79226986","-93.17937469","cold_plunge|traditional_sauna|steam_room","communal",,,,"",,,,,"Mon–Thu 4:00am–12:00am, Fri 4:00am–10:00pm, Sat–Sun 6:00am–9:00pm","https://www.lifetime.life/locations/mn/eagan/amenities.html",,"+1-651-688-3000","https://findsaunaplunge.com/venue/life-time-eagan-minneapolis-mn/"
"life-time-eden-prairie-athletic-minneapolis-mn","Life Time Eden Prairie Athletic","brand_import","2026-08-26","life-time","755 Prairie Center Dr","Eden Prairie","MN","55344","minneapolis-mn","Minneapolis","44.85628202","-93.43621015","cold_plunge|steam_room|traditional_sauna","communal",,,,"",,,,,"Mon–Fri 5:00am–11:00pm, Sat–Sun 6:00am–9:00pm","https://www.lifetime.life/locations/mn/eden-prairie-athletic/amenities.html",,"+1-952-829-8400","https://findsaunaplunge.com/venue/life-time-eden-prairie-athletic-minneapolis-mn/"
"life-time-minnetonka-minneapolis-mn","Life Time Minnetonka","brand_import","2026-08-26","life-time","3310 County Road 101 S","Minnetonka","MN","55391","minneapolis-mn","Minneapolis","44.94271988","-93.50297513","cold_plunge|steam_room|traditional_sauna","communal",,,,"",,,,,"Mon–Fri 5:00am–10:00pm, Sat–Sun 6:00am–8:00pm","https://www.lifetime.life/locations/mn/minnetonka/amenities.html",,"+1-952-476-1717","https://findsaunaplunge.com/venue/life-time-minnetonka-minneapolis-mn/"
"life-time-plymouth-minneapolis-mn","Life Time Plymouth","brand_import","2026-08-26","life-time","3600 Plymouth Blvd","Plymouth","MN","55446","minneapolis-mn","Minneapolis","45.02234211","-93.47632086","cold_plunge|steam_room|traditional_sauna","communal",,,,"",,,,,"Mon–Fri 4:00am–12:00am, Sat–Sun 5:00am–9:00pm","https://www.lifetime.life/locations/mn/plymouth/amenities.html",,"+1-763-509-0909","https://findsaunaplunge.com/venue/life-time-plymouth-minneapolis-mn/"
"life-time-rosemount-minneapolis-mn","Life Time Rosemount","brand_import","2026-08-26","life-time","14290 Akron Avenue","Rosemount","MN","55068","minneapolis-mn","Minneapolis","44.74088236","-93.08213232","cold_plunge|steam_room|traditional_sauna","communal",,,,"",,,,,"Mon–Fri 4:00am–12:00am, Sat–Sun 6:00am–10:00pm","https://www.lifetime.life/locations/mn/rosemount/amenities.html",,"+1-651-855-6500","https://findsaunaplunge.com/venue/life-time-rosemount-minneapolis-mn/"
"life-time-edina-at-southdale-minneapolis-mn","Life Time Edina at Southdale","brand_import","2026-08-26","life-time","250 Southdale Center","Edina","MN","55435","minneapolis-mn","Minneapolis","44.8817474","-93.32345665","cold_plunge|steam_room|traditional_sauna","communal",,,,"",,,,,"Mon–Fri 4:00am–11:00pm, Sat 6:00am–10:00pm, Sun 6:00am–9:00pm","https://www.lifetime.life/locations/mn/southdale/amenities.html",,"+1-952-257-7100","https://findsaunaplunge.com/venue/life-time-edina-at-southdale-minneapolis-mn/"
"life-time-woodbury-minneapolis-mn","Life Time Woodbury","brand_import","2026-08-26","life-time","675 Commons Dr","Woodbury","MN","55125","minneapolis-mn","Minneapolis","44.93890763","-92.93146623","cold_plunge|steam_room","communal",,,,"",,,,,"Mon–Fri 4:00am–11:00pm, Sat–Sun 6:00am–9:00pm","https://www.lifetime.life/locations/mn/woodbury/amenities.html",,"+1-651-730-6000","https://findsaunaplunge.com/venue/life-time-woodbury-minneapolis-mn/"
"framework-wedgewood-houston-nashville-tn","Framework — Wedgewood-Houston","community","2026-08-15","framework","1411 4th Ave S","Nashville","TN","37210","nashville-tn","Nashville","36.13926","-86.762919","cold_plunge|traditional_sauna","mixed","35",,"109","",,,"194","194","Mon–Fri 7:00am–7:00pm; Sat–Sun 8:00am–6:00pm","https://www.joinframework.com/wedgewoodhouston-flagship",,,"https://findsaunaplunge.com/venue/framework-wedgewood-houston-nashville-tn/"
"framework-east-nashville-backyard-nashville-tn","Framework — East Nashville Backyard","community","2026-08-15","framework","928 McFerrin Ave","Nashville","TN","37206","nashville-tn","Nashville","36.185356","-86.754425","cold_plunge|traditional_sauna","mixed","25",,"89","","40","60","190","190","Mon–Thu 7:00am–7:00pm; Sat–Sun 8:00am–6:00pm","https://www.joinframework.com/",,,"https://findsaunaplunge.com/venue/framework-east-nashville-backyard-nashville-tn/"
"contrast-club-nashville-tn","Contrast Club","community","2026-07-31",,"2203 Bandywood Dr","Nashville","TN","37215","nashville-tn","Nashville","36.104803","-86.817215","cold_plunge|traditional_sauna","private_suite","35",,"100","",,,,,,"https://www.contrastclubnashville.com/",,,"https://findsaunaplunge.com/venue/contrast-club-nashville-tn/"
"pure-sweat-studios-gulch-nashville-tn","Pure Sweat Studios — The Gulch","community","2026-07-31",,"812 Division St","Nashville","TN","37203","nashville-tn","Nashville","36.150311","-86.780861","infrared_sauna|cold_plunge","private_suite",,,,"",,,,,,"https://www.puresweatstudios.com/gulch-tennessee",,"+1-615-788-7838","https://findsaunaplunge.com/venue/pure-sweat-studios-gulch-nashville-tn/"
"urban-sweat-the-nations-nashville-tn","Urban Sweat — The Nations","community","2026-07-31","urban-sweat","1610 54th Ave N, Ste 116","Nashville","TN","37209","nashville-tn","Nashville","36.164603","-86.853158","infrared_sauna|red_light","unpublished",,,,"",,,,,,"https://urban-sweat.squarespace.com/find-your-location",,,"https://findsaunaplunge.com/venue/urban-sweat-the-nations-nashville-tn/"
"urban-sweat-weho-nashville-tn","Urban Sweat — WeHo","community","2026-07-31","urban-sweat","724 Merritt Ave, Ste 105","Nashville","TN","37203","nashville-tn","Nashville","36.140108","-86.772316","infrared_sauna|red_light","unpublished",,,,"",,,,,,"https://urban-sweat.squarespace.com/find-your-location",,,"https://findsaunaplunge.com/venue/urban-sweat-weho-nashville-tn/"
"urban-sweat-green-hills-nashville-tn","Urban Sweat — Green Hills","community","2026-07-31","urban-sweat","4121 Hillsboro Pike, Ste 208","Nashville","TN","37215","nashville-tn","Nashville","36.101732","-86.817976","infrared_sauna|red_light","unpublished",,,,"",,,,,,"https://urban-sweat.squarespace.com/find-your-location",,,"https://findsaunaplunge.com/venue/urban-sweat-green-hills-nashville-tn/"
"lolu-nashville-tn","Lolu","community","2026-08-21",,"807B Main St","Nashville","TN","37206","nashville-tn","Nashville","36.175678","-86.758126","traditional_sauna|cold_plunge","mixed",,,,"",,,,,,"https://www.lolulife.com/","https://www.lolulife.com/book",,"https://findsaunaplunge.com/venue/lolu-nashville-tn/"
"sek-sauna-studio-franklin-tn","sēk Sauna Studio","community","2026-08-16",,"1201 Liberty Pike, Ste. 121","Franklin","TN","37067","nashville-tn","Nashville","35.923096","-86.816499","infrared_sauna|cold_plunge|red_light|compression","private_suite","30",,"89","","39","50",,,,"https://www.seksauna.com/","https://www.seksauna.com/book-now","+1-615-614-3461","https://findsaunaplunge.com/venue/sek-sauna-studio-franklin-tn/"
"pure-sweat-studios-brentwood-tn","Pure Sweat + Float Studio — Brentwood","community","2026-08-16",,"213 Franklin Road, Suite 130","Brentwood","TN","37027","nashville-tn","Nashville","36.032514","-86.789267","infrared_sauna|cold_plunge|float","private_suite",,,,"",,,,,,"https://www.puresweatstudios.com/brentwood",,"+1-615-661-5267","https://findsaunaplunge.com/venue/pure-sweat-studios-brentwood-tn/"
"pause-studio-green-hills-nashville-tn","Pause Studio — Green Hills","community","2026-08-16",,"3822 Bedford Ave","Nashville","TN","37215","nashville-tn","Nashville","36.107876","-86.820516","cold_plunge|infrared_sauna|cryotherapy|float|red_light|compression","private_suite",,,"79","",,,,,,"https://pausestudio.com/locations/green-hills",,"+1-629-702-2393","https://findsaunaplunge.com/venue/pause-studio-green-hills-nashville-tn/"
"pause-studio-west-nashville-tn","Pause Studio — West Nashville","community","2026-08-16",,"12 City Blvd.","Nashville","TN","37209","nashville-tn","Nashville","36.152481","-86.81862","cold_plunge|infrared_sauna|cryotherapy|float|red_light|compression","private_suite",,,"79","",,,,,,"https://pausestudio.com/locations/west-nashville",,"+1-615-649-8949","https://findsaunaplunge.com/venue/pause-studio-west-nashville-tn/"
"restore-hyper-wellness-music-row-nashville-tn","Restore Hyper Wellness - Music Row","community","2026-08-16",,"117 17th Ave South","Nashville","TN","37203","nashville-tn","Nashville","36.153422","-86.794218","cryotherapy|infrared_sauna|compression|red_light","unpublished",,,"190","",,,,,"Mon-Fri 10AM-7PM; Sat 9AM-5PM; Sun 11AM-4PM","https://www.restore.com/locations/tn-nashville-music-row-tn004",,"+1-615-987-9626","https://findsaunaplunge.com/venue/restore-hyper-wellness-music-row-nashville-tn/"
"restore-hyper-wellness-green-hills-nashville-tn","Restore Hyper Wellness - Green Hills","community","2026-08-16",,"2124 Hillsboro Dr","Nashville","TN","37215","nashville-tn","Nashville","36.102144","-86.818101","cryotherapy|infrared_sauna|compression|red_light","unpublished",,,"190","",,,,,"Mon-Fri 10AM-7PM; Sat 9AM-5PM; Sun 12PM-4PM","https://www.restore.com/locations/tn-nashville-green-hills-tn002",,"+1-615-457-2668","https://findsaunaplunge.com/venue/restore-hyper-wellness-green-hills-nashville-tn/"
"icryo-belle-meade-nashville-tn","iCRYO — Belle Meade","community","2026-08-16",,"4326 Harding Pike","Nashville","TN","37205","nashville-tn","Nashville","36.12632","-86.845865","cryotherapy|infrared_sauna|red_light|compression","unpublished","25",,,"",,,,,"Mon-Fri 8am-7pm; Sat 10am-6pm; Sun 10am-4pm","https://bellemeade.icryo.life/",,"+1-615-490-6133","https://findsaunaplunge.com/venue/icryo-belle-meade-nashville-tn/"
"hotworx-nashville-midtown-tn","HOTWORX - Nashville (Midtown)","community","2026-08-16",,"1806 Chet Atkins Place","Nashville","TN","37203","nashville-tn","Nashville","36.148763","-86.795457","infrared_sauna","unpublished",,,,"",,,,,"24/7 member access; staffed Mon-Thu 11am-8pm, Fri 9am-6pm, Sat 9am-2pm","https://www.hotworx.net/studio/nashville-midtown/",,,"https://findsaunaplunge.com/venue/hotworx-nashville-midtown-tn/"
"hotworx-nashville-west-tn","HOTWORX - Nashville (West)","community","2026-08-16",,"6102 Robertson Avenue","Nashville","TN","37209","nashville-tn","Nashville","36.156982","-86.868751","infrared_sauna","unpublished",,,,"",,,,,"24/7 member access; staffed Mon-Thu 11am-8pm, Fri 9am-6pm, Sat 9am-2pm","https://www.hotworx.net/studio/nashville-west",,,"https://findsaunaplunge.com/venue/hotworx-nashville-west-tn/"
"zivel-murfreesboro-tn","Zivel — Murfreesboro","community","2026-08-16",,"1144 Fortress Blvd ste e","Murfreesboro","TN","37128","nashville-tn","Nashville","35.865455","-86.46384","cryotherapy|infrared_sauna|float|compression|red_light","unpublished","35",,,"",,,,,"Mon-Sat 9am-7pm; Sun 1pm-4:30pm","https://www.zivel.com/locations/tennessee/murfreesboro",,"+1-629-239-1986","https://findsaunaplunge.com/venue/zivel-murfreesboro-tn/"
"zivel-franklin-cool-springs-tn","Zivel — Franklin (Cool Springs)","community","2026-08-16",,"790 Jordan Rd #107","Franklin","TN","37067","nashville-tn","Nashville","35.941818","-86.822303","cryotherapy|infrared_sauna|float|compression|red_light","unpublished","35",,,"",,,,,"Mon 8am-6pm; Tue 8am-4pm; Wed-Thu 8am-6pm; Fri 8am-5pm; Sat 9am-5pm; Sun 11am-3pm","https://www.zivel.com/locations/tennessee/cool-springs",,"+1-615-997-4159","https://findsaunaplunge.com/venue/zivel-franklin-cool-springs-tn/"
"life-time-franklin-nashville-tn","Life Time Franklin","brand_import","2026-08-26","life-time","5020 Carothers Pkwy","Franklin","TN","37067","nashville-tn","Nashville","35.92399865","-86.81503959","cold_plunge|steam_room|traditional_sauna","communal",,,,"",,,,,"Mon–Fri 4:00am–11:00pm, Sat–Sun 5:00am–9:00pm","https://www.lifetime.life/locations/tn/franklin/amenities.html",,"+1-615-685-7000","https://findsaunaplunge.com/venue/life-time-franklin-nashville-tn/"
"aire-ancient-baths-new-york-tribeca-new-york-ny","AIRE Ancient Baths New York · Tribeca","community","2026-07-28","aire-ancient-baths-new-york","88 Franklin St","New York","NY","10013","new-york-ny","New York","40.718149","-74.0049","cold_plunge|steam_room","communal",,,,"",,,,,,"https://beaire.com/en/aire-ancient-baths-newyork-tribeca","https://beaire.com/en/booking/newyork-tribeca","+1-917-563-4542","https://findsaunaplunge.com/venue/aire-ancient-baths-new-york-tribeca-new-york-ny/"
"aire-ancient-baths-new-york-upper-east-side-new-york-ny","AIRE Ancient Baths New York · Upper East Side","community","2026-08-02","aire-ancient-baths-new-york","305 E 61st Street","New York","NY","10065","new-york-ny","New York","40.761799","-73.963133","cold_plunge|steam_room","communal",,,,"",,,,,"Mon–Thu 10:00am–10:00pm, Fri 9:00am–10:00pm, Sat 9:00am–11:00pm, Sun 9:00am–10:00pm","https://beaire.com/en/aire-ancient-baths-newyork-uppereastside","https://beaire.com/en/booking/newyork-uppereastside","+1-332-244-4191","https://findsaunaplunge.com/venue/aire-ancient-baths-new-york-upper-east-side-new-york-ny/"
"akari-sauna-greenpoint-new-york-ny","Akari Sauna (Greenpoint)","community","2026-08-02",,"149 Franklin St","Brooklyn","NY","11222","new-york-ny","New York","40.731521","-73.95794","traditional_sauna|cold_plunge","communal",,,"165","",,,,,"Unlimited tier: Mon–Fri 8:00am–10:00pm, Sat–Sun 9:00am–8:00pm. Daytime tier: Mon–Fri 8:00am–4:30pm, last entry 4:00pm","https://www.akarisauna.com/","https://www.akarisauna.com/membership?tab=greenpoint",,"https://findsaunaplunge.com/venue/akari-sauna-greenpoint-new-york-ny/"
"bathhouse-atlantic-ave-new-york-ny","Bathhouse Atlantic Ave","community","2026-08-24","bathhouse","540 Atlantic Avenue","Brooklyn","NY","11217","new-york-ny","New York","40.685004","-73.98006","cold_plunge|traditional_sauna|infrared_sauna|steam_room","communal",,,"145","","50","50",,,"Open daily 8:00am–11:30pm","https://www.abathhouse.com/atlantic-ave","https://bathhouseatlanticave.try.be/","+1-929-822-5929","https://findsaunaplunge.com/venue/bathhouse-atlantic-ave-new-york-ny/"
"bathhouse-flatiron-new-york-ny","Bathhouse Flatiron","community","2026-08-24","bathhouse","14 West 22nd Street","New York","NY","10010","new-york-ny","New York","40.741017","-73.990559","cold_plunge|traditional_sauna|infrared_sauna|steam_room","communal",,,"145","","45","50","185","195","Open daily 8:00am–11:30pm","https://www.abathhouse.com/flatiron","https://bathhouseflatiron.try.be/items/674df9e8dc9171673c01bbe4/book-day-pass-browse-prices","+1-646-891-1315","https://findsaunaplunge.com/venue/bathhouse-flatiron-new-york-ny/"
"bathhouse-williamsburg-new-york-ny","Bathhouse Williamsburg","community","2026-08-02","bathhouse","103 North 10th Street","Brooklyn","NY","11249","new-york-ny","New York","40.720756","-73.957843","cold_plunge|traditional_sauna|steam_room","communal",,,"145","","45","50","185","195","Open daily 8:00am–11:30pm","https://www.abathhouse.com/williamsburg","https://bathhousewilliamsburg.try.be/","+1-929-489-2284","https://findsaunaplunge.com/venue/bathhouse-williamsburg-new-york-ny/"
"body-by-brooklyn-new-york-ny","Body By Brooklyn","community","2026-08-02",,"275 Park Ave","Brooklyn","NY","11205","new-york-ny","New York","40.69609","-73.967567","cold_plunge|traditional_sauna|steam_room","mixed",,"65",,"","52","52","175","190",,"https://bodybybrooklyn.com/","https://go.booker.com/location/bodybybrooklyn/service-menu","+1-718-923-9400","https://findsaunaplunge.com/venue/body-by-brooklyn-new-york-ny/"
"brooklyn-banya-new-york-ny","Brooklyn Banya","community","2026-08-02",,"602 Coney Island Avenue","Brooklyn","NY","11218","new-york-ny","New York","40.642638","-73.969847","traditional_sauna|steam_room|cold_plunge","communal",,"60",,"",,,,,,"https://www.brooklynbanya.com/",,"+1-212-203-3424","https://findsaunaplunge.com/venue/brooklyn-banya-new-york-ny/"
"brooklyn-bathhouse-new-york-ny","Brooklyn Bathhouse","community","2026-08-02",,"731 Flatbush Avenue","Brooklyn","NY","11226","new-york-ny","New York","40.655132","-73.959679","cold_plunge|traditional_sauna|steam_room","communal","50",,,"",,,,,,"https://www.brooklynbathhouse.nyc/","https://www.brooklynbathhouse.nyc/booknow","+1-718-874-6550","https://findsaunaplunge.com/venue/brooklyn-bathhouse-new-york-ny/"
"elahni-new-york-ny","Elahni","community","2026-08-24",,"12 W 27th St, Floor 2","New York","NY","10001","new-york-ny","New York","40.744596","-73.989176","cold_plunge|traditional_sauna","mixed",,,,"","39","39","180","180","Mon–Tue 3:00pm–7:30pm, Wed–Fri 7:00am–7:30pm, Sat–Sun 8:00am–6:00pm","https://www.elahni.com/","https://www.elahni.com/reserve","+1-917-819-2071","https://findsaunaplunge.com/venue/elahni-new-york-ny/"
"forest-hills-spa-new-york-ny","Forest Hills Spa","community","2026-08-02",,"5921 Calloway St","Queens","NY","11368","new-york-ny","New York","40.737648","-73.85687","cold_plunge|traditional_sauna|steam_room","communal","50",,,"",,,,,"Mon–Fri 11:00am–10:30pm, Sat–Sun 9:00am–10:30pm","https://www.fhspa.com/","https://www.fhspa.com/book-online","+1-718-699-1919","https://findsaunaplunge.com/venue/forest-hills-spa-new-york-ny/"
"great-jones-spa-new-york-ny","Great Jones Spa","community","2026-08-02",,"29 Great Jones Street","New York","NY","10012","new-york-ny","New York","40.727085","-73.993364","cold_plunge|traditional_sauna|steam_room","communal",,"60",,"",,,,,"Mon–Sun 8:30am–9:30pm (Wednesdays from 1:00pm)","https://gjspa.com/manhattan/","https://login.meevo.com/gjspa/ob?locationId=106522","+1-212-505-3185","https://findsaunaplunge.com/venue/great-jones-spa-new-york-ny/"
"heavenlee-float-spa-new-york-ny","HeavenLee Float Spa","community","2026-08-02",,"236 Richmond Valley Rd","Staten Island","NY","10309","new-york-ny","New York","40.520943","-74.23606","infrared_sauna|red_light|float","private_suite","30",,,"",,,,,"By appointment only","https://heavenleefloatspa.com/","https://heavenleefloatspa.floathelm.com/booking","+1-929-624-2227","https://findsaunaplunge.com/venue/heavenlee-float-spa-new-york-ny/"
"hotworx-staten-island-charleston-new-york-ny","HOTWORX - Staten Island (Charleston)","community","2026-08-02",,"2955 Veterans Rd. W. Unit 1E","Staten Island","NY","10309","new-york-ny","New York","40.527753","-74.232533","infrared_sauna","communal",,,"79","",,,,,,"https://www.hotworx.net/studio/statenisland-charleston","https://www.hotworx.net/customerportal/NY0018/index.php?redirect=no","+1-646-676-4454","https://findsaunaplunge.com/venue/hotworx-staten-island-charleston-new-york-ny/"
"ice-cold-club-new-york-ny","Ice Cold Club","community","2026-08-02",,"275 S 5th Street, Floor 5","Brooklyn","NY","11211","new-york-ny","New York","40.709259","-73.95783","cold_plunge|compression","communal","20",,"120","","48","48",,,"Open daily 6:00am–10:00pm","https://icecold.club/","https://themvmt.as.me/quick-dip-intro",,"https://findsaunaplunge.com/venue/ice-cold-club-new-york-ny/"
"kove-studio-east-village-new-york-ny","Kove Studio East Village","community","2026-08-02",,"268 East 7th Street","New York","NY","10009","new-york-ny","New York","40.723473","-73.977572","infrared_sauna|cold_plunge|red_light|compression","mixed",,,,"",,,,,"Open daily 7:00am–10:00pm","https://kove.studio/","https://kove.studio/book-now","+1-929-665-9961","https://findsaunaplunge.com/venue/kove-studio-east-village-new-york-ny/"
"live-hydration-spa-long-island-city-new-york-ny","Live Hydration Spa Long Island City","community","2026-08-02",,"46-05 Vernon Blvd","Queens","NY","11101","new-york-ny","New York","40.746713","-73.952689","cold_plunge|red_light|traditional_sauna","private_suite",,,,"",,,,,"Tue–Sun 11:00am–7:00pm, closed Monday","https://livehydrationspalic.com/","https://livehydrationspa.zenoti.com/webstoreNew/services/cd0cef77-398c-44a1-8c71-f072f3d3c59d?location=c651644e-4efc-490f-9fee-ef2f779e1eb9","+1-718-361-5483","https://findsaunaplunge.com/venue/live-hydration-spa-long-island-city-new-york-ny/"
"lore-bathing-club-new-york-ny","Lore Bathing Club","community","2026-08-15",,"676 Broadway","New York","NY","10012","new-york-ny","New York","40.727548","-73.994892","traditional_sauna|infrared_sauna|cold_plunge","communal",,,"250","",,,,,,"https://www.lorebathingclub.com/","https://www.lorebathingclub.com/bookings",,"https://findsaunaplunge.com/venue/lore-bathing-club-new-york-ny/"
"new-york-spa-sauna-new-york-ny","New York Spa & Sauna","community","2026-08-02",,"149-06 Northern Blvd., Rear Entrance","Queens","NY","11354","new-york-ny","New York","40.765293","-73.817035","traditional_sauna|steam_room|cold_plunge","communal","40",,,"",,,,,"Open daily 8:00am–11:00pm, 365 days a year (second-floor saunas close 10:30pm; the men’s steam room closes 9:00pm)","https://www.nyspasauna.com/",,"+1-718-463-0001","https://findsaunaplunge.com/venue/new-york-spa-sauna-new-york-ny/"
"othership-flatiron-new-york-ny","Othership Flatiron","community","2026-08-02","othership","23 W 20th St","New York","NY","10011","new-york-ny","New York","40.740041","-73.991669","traditional_sauna|cold_plunge","communal",,,,"",,,,,,"https://www.othership.us/flatiron","https://www.othership.us/schedule","+1-212-381-1699","https://findsaunaplunge.com/venue/othership-flatiron-new-york-ny/"
"othership-williamsburg-new-york-ny","Othership Williamsburg","community","2026-08-02","othership","25 Kent Ave Suite 100","Brooklyn","NY","11249","new-york-ny","New York","40.723561","-73.95814","traditional_sauna|cold_plunge","communal",,,,"",,,,,,"https://www.othership.us/williamsburg","https://www.othership.us/schedule","+1-212-871-4505","https://findsaunaplunge.com/venue/othership-williamsburg-new-york-ny/"
"recovery-mode-new-york-ny","Recovery Mode","community","2026-08-02",,"30-29 Steinway Street","Queens","NY","11103","new-york-ny","New York","40.763103","-73.915543","cold_plunge|infrared_sauna|cryotherapy|compression|red_light","private_suite",,,,"",,,,,"Mon–Fri 8:00am–8:00pm, Sat–Sun 9:00am–6:00pm","https://www.recoverymodenyc.com/","https://recoverymode.as.me/","+1-929-666-1729","https://findsaunaplunge.com/venue/recovery-mode-new-york-ny/"
"remedy-place-flatiron-new-york-ny","Remedy Place Flatiron","community","2026-08-02","remedy-place","12 West 21st Street","New York","NY","10010","new-york-ny","New York","40.740377","-73.990944","cold_plunge|infrared_sauna|cryotherapy|red_light|compression","mixed",,,,"",,,,,"Mon–Thu 9:00am–8:00pm, Fri–Sun 9:00am–8:00pm","https://www.remedyplace.com/clubs/flatiron","https://remedyplace.zenoti.com/webstoreNew/services/e43a7f72-7f9d-400a-9715-f85d26f4a83b","+1-917-727-7950","https://findsaunaplunge.com/venue/remedy-place-flatiron-new-york-ny/"
"remedy-place-soho-new-york-ny","Remedy Place SoHo","community","2026-08-02","remedy-place","11 Greene Street","New York","NY","10013","new-york-ny","New York","40.720836","-74.002958","cold_plunge|infrared_sauna|cryotherapy|red_light|compression","unpublished",,,,"",,,,,"Mon–Fri 10:00am–8:00pm, Sat–Sun 10:00am–8:00pm","https://www.remedyplace.com/clubs/soho","https://reserve.remedyplace.com/webstoreNew/services/2f217228-0abf-4f49-8a33-d48f013d3893","+1-212-201-5707","https://findsaunaplunge.com/venue/remedy-place-soho-new-york-ny/"
"russian-turkish-baths-new-york-ny","Russian & Turkish Baths","community","2026-08-02",,"268 East 10th St","New York","NY","10009","new-york-ny","New York","40.72833","-73.983535","cold_plunge|traditional_sauna|steam_room","communal","60",,,"",,,,,"Open 365 days a year, noon–10:00pm (opening times vary by day; see the co-ed schedule)","https://www.russianturkishbaths.com/",,"+1-212-674-9250","https://findsaunaplunge.com/venue/russian-turkish-baths-new-york-ny/"
"spa-castle-new-york-new-york-ny","Spa Castle New York","community","2026-08-02",,"131-10 11th Ave","Queens","NY","11356","new-york-ny","New York","40.787696","-73.837195","cold_plunge|traditional_sauna|infrared_sauna|steam_room","communal",,"85","350","",,,,,"Open daily 9:00am–9:30pm (departments vary)","https://ny.spacastleusa.com/",,"+1-718-939-6300","https://findsaunaplunge.com/venue/spa-castle-new-york-new-york-ny/"
"the-keylin-experience-spa-new-york-ny","The Keylin Experience Spa","community","2026-08-02",,"15 Canal Pl","Bronx","NY","10451","new-york-ny","New York","40.810621","-73.930467","infrared_sauna|red_light","private_suite","210",,,"",,,,,,"https://www.thekeylinspa.com/","https://www.thekeylinspa.com/book-online","+1-917-870-4598","https://findsaunaplunge.com/venue/the-keylin-experience-spa-new-york-ny/"
"the-rockaway-hotel-spa-new-york-ny","The Rockaway Hotel + Spa","community","2026-08-02",,"108-10 Rockaway Beach Dr.","Queens","NY","11694","new-york-ny","New York","40.581504","-73.829728","traditional_sauna|compression","mixed",,,,"",,,,,"Spa: Mon–Thu 9:00am–7:00pm, Fri–Sun 9:00am–8:00pm","https://www.therockawayhotel.com/wellness/rockaway-beach-hotel-spa","https://na.spatime.com/trh1694/73964821/home","+1-718-474-1216","https://findsaunaplunge.com/venue/the-rockaway-hotel-spa-new-york-ny/"
"wall-street-bath-spa-88-new-york-ny","Wall Street Bath & Spa 88","community","2026-08-02",,"88 Fulton Street","New York","NY","10038","new-york-ny","New York","40.709253","-74.005973","cold_plunge|traditional_sauna|infrared_sauna|steam_room","mixed",,"59.75",,"","52","52",,,"Open daily 12:00pm–10:30pm","http://spa88.com/","http://spa88.com/select-option","+1-212-766-8600","https://findsaunaplunge.com/venue/wall-street-bath-spa-88-new-york-ny/"
"world-spa-new-york-ny","World Spa","community","2026-08-02",,"1571 McDonald Ave","Brooklyn","NY","11230","new-york-ny","New York","40.614641","-73.974031","cold_plunge|traditional_sauna|infrared_sauna|steam_room","communal",,"99",,"","48","55",,,"Sun–Thu 10:00am–10:00pm, Fri–Sat 10:00am–midnight (last call 30 minutes before close)","https://worldspa.com/","https://shop.worldspa.com/tickets/category/394/","+1-718-500-3772","https://findsaunaplunge.com/venue/world-spa-new-york-ny/"
"life-time-sky-manhattan-new-york-ny","Life Time Sky (Manhattan)","brand_import","2026-08-26","life-time","605 West 42nd Street","New York","NY","10036","new-york-ny","New York","40.76106177","-73.99846781","cold_plunge","communal",,,,"",,,,,"Mon–Fri 5:00am–11:00pm, Sat–Sun 6:00am–10:00pm","https://www.lifetime.life/locations/ny/sky-manhattan/amenities.html",,"+1-212-564-1300","https://findsaunaplunge.com/venue/life-time-sky-manhattan-new-york-ny/"
"life-time-syosset-new-york-ny","Life Time Syosset","brand_import","2026-08-26","life-time","350 Robbins Ln","Syosset","NY","11791","new-york-ny","New York","40.79612346","-73.51694034","cold_plunge|steam_room|traditional_sauna","communal",,,,"",,,,,"Mon–Fri 4:00am–12:00am, Sat–Sun 5:00am–10:00pm","https://www.lifetime.life/locations/ny/syosset/amenities.html",,"+1-516-822-1777","https://findsaunaplunge.com/venue/life-time-syosset-new-york-ny/"
"equinox-domino-new-york-ny","Equinox Domino","brand_import","2026-08-26","equinox","24 River St","Brooklyn","NY","11249","new-york-ny","New York","40.713983","-73.9683593","cold_plunge|steam_room|traditional_sauna","communal",,,,"",,,,,"Mon–Thu 5:30am–11:00pm, Fri 5:30am–10:00pm, Sat–Sun 8:00am–9:00pm","https://www.equinox.com/clubs/new-york/brooklyn/domino",,"+1-347-272-1000","https://findsaunaplunge.com/venue/equinox-domino-new-york-ny/"
"equinox-hudson-yards-new-york-ny","Equinox Hudson Yards","brand_import","2026-08-26","equinox","32 Hudson Yards","New York","NY","10001","new-york-ny","New York","40.7547","-74.0038","cold_plunge|steam_room|traditional_sauna","communal",,,,"",,,,,,"https://www.equinox.com/clubs/new-york/midtown/hudsonyards",,"+1-212-620-0103","https://findsaunaplunge.com/venue/equinox-hudson-yards-new-york-ny/"
"restore-hyper-wellness-center-city-philadelphia-pa","Restore Hyper Wellness - Philadelphia, PA (Center City)","community","2026-08-16",,"1229 Chestnut St","Philadelphia","PA","19107","philadelphia-pa","Philadelphia","39.950515","-75.160678","cryotherapy|infrared_sauna|compression|red_light","unpublished",,,"170","",,,,,"Monday-Friday 10AM-7PM, Saturday 9AM-5PM, Sunday 12PM-4PM","https://www.restore.com/locations/pa-philadelphia-center-city-pa019","https://www.restore.com/locations/pa-philadelphia-center-city-pa019","+1-215-982-2637","https://findsaunaplunge.com/venue/restore-hyper-wellness-center-city-philadelphia-pa/"
"restore-hyper-wellness-media-philadelphia-pa","Restore Hyper Wellness - Media, PA","community","2026-08-16",,"1075 W. Baltimore Pike, Suite C","Media","PA","19063","philadelphia-pa","Philadelphia","39.914453","-75.430255","cryotherapy|infrared_sauna|compression|red_light","unpublished",,,"170","",,,,,"Monday-Friday 10AM-7PM, Saturday 9AM-5PM, Sunday 12PM-4PM","https://www.restore.com/locations/pa-media-pa016","https://www.restore.com/locations/pa-media-pa016","+1-484-442-8359","https://findsaunaplunge.com/venue/restore-hyper-wellness-media-philadelphia-pa/"
"restore-hyper-wellness-paoli-philadelphia-pa","Restore Hyper Wellness - Paoli, PA","community","2026-08-16",,"82 E Lancaster Ave, B-14","Paoli","PA","19301","philadelphia-pa","Philadelphia","40.041827","-75.485345","cryotherapy|infrared_sauna|compression|red_light","unpublished",,,"170","",,,,,"Monday-Friday 10AM-7PM, Saturday 9AM-5PM, Sunday 12PM-4PM","https://www.restore.com/locations/pa-paoli-pa007","https://www.restore.com/locations/pa-paoli-pa007","+1-610-590-7279","https://findsaunaplunge.com/venue/restore-hyper-wellness-paoli-philadelphia-pa/"
"restore-hyper-wellness-plymouth-meeting-philadelphia-pa","Restore Hyper Wellness - Plymouth Meeting, PA","community","2026-08-16",,"500 W Germantown Pike, #1195","Plymouth Meeting","PA","19462","philadelphia-pa","Philadelphia","40.114929","-75.285439","cryotherapy|infrared_sauna|compression|red_light","unpublished",,,"170","",,,,,"Monday-Friday 10AM-7PM, Saturday 9AM-5PM, Sunday 12PM-4PM","https://www.restore.com/locations/pa-plymouth-meeting-pa003","https://www.restore.com/locations/pa-plymouth-meeting-pa003","+1-484-368-3492","https://findsaunaplunge.com/venue/restore-hyper-wellness-plymouth-meeting-philadelphia-pa/"
"restore-hyper-wellness-warrington-philadelphia-pa","Restore Hyper Wellness - Warrington, PA","community","2026-08-16",,"1551 N Main St","Warrington","PA","18976","philadelphia-pa","Philadelphia","40.232044","-75.136154","cryotherapy|infrared_sauna|compression|red_light","unpublished",,,"170","",,,,,"Monday-Friday 10AM-7PM, Saturday 9AM-5PM, Sunday 12PM-4PM","https://www.restore.com/locations/pa-philadelphia-warrington-pa009","https://www.restore.com/locations/pa-philadelphia-warrington-pa009","+1-267-483-5273","https://findsaunaplunge.com/venue/restore-hyper-wellness-warrington-philadelphia-pa/"
"restore-hyper-wellness-collegeville-philadelphia-pa","Restore Hyper Wellness - Collegeville, PA","community","2026-08-16",,"121 Market Street, Store F-5A","Collegeville","PA","19426","philadelphia-pa","Philadelphia","40.166545","-75.4792","cryotherapy|infrared_sauna|compression|red_light","unpublished",,,,"",,,,,"Monday-Friday 10AM-7PM, Saturday 9AM-5PM, Sunday 12PM-4PM","https://www.restore.com/locations/pa-collegeville-pa011","https://www.restore.com/locations/pa-collegeville-pa011","+1-484-854-6984","https://findsaunaplunge.com/venue/restore-hyper-wellness-collegeville-philadelphia-pa/"
"restore-hyper-wellness-exton-philadelphia-pa","Restore Hyper Wellness - Exton, PA","community","2026-08-16",,"430 W Lincoln Hwy","Exton","PA","19341","philadelphia-pa","Philadelphia","40.02944","-75.614156","cryotherapy|infrared_sauna|compression|red_light","unpublished",,,"170","",,,,,"Monday-Friday 10AM-7PM, Saturday 9AM-5PM, Sunday 12PM-4PM","https://www.restore.com/locations/pa-exton-pa005","https://www.restore.com/locations/pa-exton-pa005","+1-484-879-6048","https://findsaunaplunge.com/venue/restore-hyper-wellness-exton-philadelphia-pa/"
"formation-sauna-wellness-philadelphia-pa","FORMATION sauna + wellness","community","2026-08-16",,"305 Brown Street","Philadelphia","PA","19123","philadelphia-pa","Philadelphia","39.963573","-75.143367","cold_plunge|traditional_sauna","unpublished","85",,,"",,,,,,"https://www.formationsauna.com","https://www.formationsauna.com/services","+1-267-324-3193","https://findsaunaplunge.com/venue/formation-sauna-wellness-philadelphia-pa/"
"the-j-spot-philadelphia-pa","The J Spot","community","2026-08-16",,"501 S 22nd St","Philadelphia","PA","19146","philadelphia-pa","Philadelphia","39.945949","-75.178341","cold_plunge|infrared_sauna","unpublished",,,,"",,,,,"Tuesday-Thursday 9:00 AM-6:00 PM, Friday 9:00 AM-4:00 PM, Saturday 9:00 AM-3:00 PM, Sunday 9:00 AM-1:00 PM, Monday Closed","https://jspotwellness.com/","https://jspotwellness.com/service/cold-plunge-sauna-in-philadelphia-pa/","+1-215-437-7300","https://findsaunaplunge.com/venue/the-j-spot-philadelphia-pa/"
"the-fox-den-wellness-exton-philadelphia-pa","The Fox Den Wellness","community","2026-08-16",,"701 Old Valley Road","Exton","PA","19341","philadelphia-pa","Philadelphia","40.043403","-75.623014","cold_plunge|traditional_sauna","unpublished","45",,,"",,,,,,"https://www.thefoxdenwellness.com","https://www.thefoxdenwellness.com/services",,"https://findsaunaplunge.com/venue/the-fox-den-wellness-exton-philadelphia-pa/"
"revive-hive-newtown-philadelphia-pa","Revive Hive","community","2026-08-16",,"254 N Sycamore Street","Newtown","PA","18940","philadelphia-pa","Philadelphia","40.233447","-74.937845","cold_plunge|cryotherapy|infrared_sauna|traditional_sauna|red_light","unpublished",,,,"",,,,,"Monday-Thursday 9am-8pm, Friday 9am-5pm, Saturday 9am-4pm, Sunday 10am-3pm","https://www.revivehive.com/home","https://www.revivehive.com/home","+1-215-902-9797","https://findsaunaplunge.com/venue/revive-hive-newtown-philadelphia-pa/"
"recover-cold-plunge-doylestown-philadelphia-pa","Recover Cold Plunge","community","2026-08-16",,"906 Town Center","Doylestown","PA","18901","philadelphia-pa","Philadelphia","40.298504","-75.189996","cold_plunge|infrared_sauna|float","unpublished",,,"27","",,,,,,"https://www.recovercoldplunge.com/","https://www.recovercoldplunge.com/pricing/","+1-267-346-4357","https://findsaunaplunge.com/venue/recover-cold-plunge-doylestown-philadelphia-pa/"
"lily-oak-wellness-spa-haverford-philadelphia-pa","Lily & Oak Wellness Spa","community","2026-08-16",,"510 West Lancaster Avenue","Haverford","PA","19041","philadelphia-pa","Philadelphia","40.015795","-75.306868","cryotherapy|infrared_sauna","unpublished","55",,,"",,,,,,"https://lilyoakspa.com","https://lilyoakspa.com/cryo","+1-484-380-2083","https://findsaunaplunge.com/venue/lily-oak-wellness-spa-haverford-philadelphia-pa/"
"dtxfy-manayunk-philadelphia-pa","dtXfy (Manayunk)","community","2026-08-16",,"4328 Main St","Philadelphia","PA","19127","philadelphia-pa","Philadelphia","40.025175","-75.223064","cold_plunge|infrared_sauna|red_light|pemf","unpublished",,,,"",,,,,"Monday 8am-6pm, Tuesday 8am-8pm, Wednesday 8am-6pm, Thursday 8am-8pm, Friday 8am-6pm, Saturday 9am-5pm, Sunday 10am-6pm","https://www.dtxfyme.com/","https://www.dtxfyme.com/manayunk/","+1-267-297-8122","https://findsaunaplunge.com/venue/dtxfy-manayunk-philadelphia-pa/"
"aura-esthetic-spa-sauna-southampton-philadelphia-pa","Aura Esthetic Spa & Sauna","community","2026-08-16",,"98 Buck Rd","Southampton","PA","18966","philadelphia-pa","Philadelphia","40.209505","-74.952559","cold_plunge|traditional_sauna|steam_room","unpublished",,,,"",,,,,"Monday-Sunday 9:00 am-9:00 pm","https://auraspasauna.com/","https://auraspasauna.com/services/bath-house/","+1-215-322-3033","https://findsaunaplunge.com/venue/aura-esthetic-spa-sauna-southampton-philadelphia-pa/"
"springfield-ymca-philadelphia-pa","Springfield Community YMCA","community","2026-08-16",,"194 W. Sproul Rd","Springfield","PA","19064","philadelphia-pa","Philadelphia","39.922236","-75.348402","cold_plunge|traditional_sauna|steam_room","unpublished",,,"45","",,,,,,"https://cyedc.org/locations/springfield/","https://cyedc.org/locations/springfield/membership-rates/",,"https://findsaunaplunge.com/venue/springfield-ymca-philadelphia-pa/"
"sporting-club-bellevue-philadelphia-pa","The Sporting Club at The Bellevue","community","2026-08-16",,"224 S Broad St FL 8","Philadelphia","PA","19102","philadelphia-pa","Philadelphia","39.948658","-75.164562","cold_plunge|traditional_sauna|steam_room","unpublished",,,"215","",,,,,,"https://www.sportingclubbellevue.com","https://www.sportingclubbellevue.com","+1-215-985-9876","https://findsaunaplunge.com/venue/sporting-club-bellevue-philadelphia-pa/"
"surge-sauna-cold-plunge-downingtown-philadelphia-pa","Surge Sauna & Cold Plunge","community","2026-08-16",,"1150 Boot Rd Suite 5","Downingtown","PA","19335","philadelphia-pa","Philadelphia","40.00592","-75.665068","cold_plunge|traditional_sauna|red_light|compression","unpublished",,"35",,"",,,,,,"https://www.surgesaunacoldplunge.com","https://surgesaunacoldplunge.pushpress.com","+1-610-455-4555","https://findsaunaplunge.com/venue/surge-sauna-cold-plunge-downingtown-philadelphia-pa/"
"nirvana-wellness-med-spa-philadelphia-pa","Nirvana Wellness Med Spa","community","2026-08-16",,"516 N 5th St, Unit 116","Philadelphia","PA","19122","philadelphia-pa","Philadelphia","39.961436","-75.146599","infrared_sauna","unpublished","35",,,"",,,,,,"https://www.nirvanawellnessmedspa.com/infraredsauna","https://www.nirvanawellnessmedspa.com/infraredsauna","+1-267-764-2835","https://findsaunaplunge.com/venue/nirvana-wellness-med-spa-philadelphia-pa/"
"float-and-freeze-ardmore-philadelphia-pa","Float & Freeze","community","2026-08-16",,"24 West Lancaster Avenue","Ardmore","PA","19003","philadelphia-pa","Philadelphia","40.008123","-75.29164","cold_plunge|infrared_sauna|float","unpublished",,,,"",,,,,"Monday 3pm-8pm, Tuesday Closed, Wednesday 11am-8pm, Thursday 11am-8pm, Friday 9am-8pm, Saturday 10am-6pm, Sunday 9am-7pm","https://www.floatandfreeze.com","https://www.floatandfreeze.com/pricing",,"https://findsaunaplunge.com/venue/float-and-freeze-ardmore-philadelphia-pa/"
"restore-hyper-wellness-marlton-philadelphia-pa","Restore Hyper Wellness - Marlton, NJ","community","2026-08-16",,"1041 New Jersey 73","Marlton","NJ","08053","philadelphia-pa","Philadelphia","39.910607","-74.941789","cryotherapy|infrared_sauna|compression|red_light","unpublished",,,"170","",,,,,"Monday-Friday 10AM-7PM, Saturday 9AM-5PM, Sunday 11AM-5PM","https://www.restore.com/locations/nj-marlton-nj001","https://www.restore.com/locations/nj-marlton-nj001","+1-856-595-9027","https://findsaunaplunge.com/venue/restore-hyper-wellness-marlton-philadelphia-pa/"
"fire-ice-x-maple-shade-philadelphia-pa","Fire & Ice X","community","2026-08-16",,"300 S Lenola Rd","Maple Shade","NJ","08052","philadelphia-pa","Philadelphia","39.949292","-74.971951","cold_plunge|traditional_sauna|steam_room","unpublished","30",,"135","",,,,,,"https://www.fireicex.com","https://www.fireicex.com/pricing","+1-856-533-8905","https://findsaunaplunge.com/venue/fire-ice-x-maple-shade-philadelphia-pa/"
"life-time-mount-laurel-philadelphia-pa","Life Time Mount Laurel","brand_import","2026-08-26","life-time","3939 Church Rd","Mount Laurel","NJ","08054","philadelphia-pa","Philadelphia","39.92750488","-74.96512858","cold_plunge|steam_room|traditional_sauna","communal",,,,"",,,,,"Mon–Fri 4:00am–12:00am, Sat–Sun 5:00am–10:00pm","https://www.lifetime.life/locations/nj/mount-laurel/amenities.html",,"+1-856-813-3100","https://findsaunaplunge.com/venue/life-time-mount-laurel-philadelphia-pa/"
"optimyze-arcadia-phoenix-az","Optimyze — Arcadia","community","2026-07-31","optimyze","3728 E Indian School Rd","Phoenix","AZ","85018","phoenix-az","Phoenix","33.495218","-112.001385","cold_plunge|infrared_sauna|cryotherapy|red_light|pemf|compression","unpublished","69",,,"",,,,,,"https://optimyze.me/first-time/",,,"https://findsaunaplunge.com/venue/optimyze-arcadia-phoenix-az/"
"optimyze-north-phoenix-phoenix-az","Optimyze — North Phoenix","community","2026-07-31","optimyze","13802 N 32nd St, Ste 10 & 11","Phoenix","AZ","85032","phoenix-az","Phoenix","33.611616","-112.013333","cold_plunge|infrared_sauna|cryotherapy|red_light|pemf|compression","unpublished","69",,,"",,,,,,"https://optimyze.me/first-time/",,,"https://findsaunaplunge.com/venue/optimyze-north-phoenix-phoenix-az/"
"optimyze-scottsdale-phoenix-az","Optimyze — Scottsdale","community","2026-07-31","optimyze","7349 N Via Paseo Del Sur, Ste 535","Scottsdale","AZ","85258","phoenix-az","Phoenix","33.542734","-111.901299","cold_plunge|infrared_sauna|cryotherapy|red_light|pemf|compression","unpublished","69",,,"",,,,,,"https://optimyze.me/first-time/",,,"https://findsaunaplunge.com/venue/optimyze-scottsdale-phoenix-az/"
"optimyze-tempe-phoenix-az","Optimyze — Tempe","community","2026-07-31","optimyze","1855 E Guadalupe Rd, Ste 101","Tempe","AZ","85283","phoenix-az","Phoenix","33.363714","-111.9087","cold_plunge|infrared_sauna|cryotherapy|red_light|pemf|compression","unpublished","69",,,"",,,,,,"https://optimyze.me/first-time/",,,"https://findsaunaplunge.com/venue/optimyze-tempe-phoenix-az/"
"bridge-wellness-center-phoenix-az","Bridge Wellness Center","community","2026-07-31",,"4645 E Chandler Blvd, Ste 100","Phoenix","AZ","85048","phoenix-az","Phoenix","33.305189","-111.985877","cold_plunge|infrared_sauna|red_light|compression","unpublished",,,,"",,,,,"Mon–Sat 6:00am–7:00pm","https://www.bridgewellnesscenteraz.com/wellness-services/cold-plunges-infrared-saunas-hot-tub",,,"https://findsaunaplunge.com/venue/bridge-wellness-center-phoenix-az/"
"restore-hyper-wellness-north-scottsdale-phoenix-az","Restore Hyper Wellness — North Scottsdale","community","2026-08-15","restore-hyper-wellness","18560 N Scottsdale Road, Suite 170","Phoenix","AZ","85054","phoenix-az","Phoenix","33.654343","-111.925893","red_light|cryotherapy|infrared_sauna|compression","unpublished",,,,"",,,,,"Mon-Fri 10AM-7PM, Sat-Sun 10AM-5PM","https://www.restore.com/local/red-light-therapy-az-phoenix-north-scottsdale-az001","https://www.restore.com/local/red-light-therapy-az-phoenix-north-scottsdale-az001",,"https://findsaunaplunge.com/venue/restore-hyper-wellness-north-scottsdale-phoenix-az/"
"restore-hyper-wellness-norterra-phoenix-az","Restore Hyper Wellness — Norterra","community","2026-08-15","restore-hyper-wellness","2450 W Happy Valley Rd, Suite 1142","Phoenix","AZ","85085","phoenix-az","Phoenix","33.712945","-112.112295","red_light|cryotherapy|infrared_sauna|compression","unpublished",,,,"",,,,,"Mon-Thu 10AM-7PM, Fri 10AM-6PM, Sat 9AM-5PM, Sun 10AM-4PM","https://www.restore.com/local/red-light-therapy-az-phoenix-norterra-az013","https://www.restore.com/local/red-light-therapy-az-phoenix-norterra-az013","+1-623-201-8603","https://findsaunaplunge.com/venue/restore-hyper-wellness-norterra-phoenix-az/"
"restore-hyper-wellness-gainey-village-scottsdale-phoenix-az","Restore Hyper Wellness — Gainey Village","community","2026-08-15","restore-hyper-wellness","8977 N Scottsdale Rd, Suite 503","Scottsdale","AZ","85253","phoenix-az","Phoenix",,,"red_light|cryotherapy|infrared_sauna|compression","unpublished",,,,"",,,,,"Mon-Thu 10AM-7PM, Fri 10AM-6PM, Sat 9AM-5PM, Sun 10AM-4PM","https://www.restore.com/local/red-light-therapy-az-scottsdale-gainey-village-az006","https://www.restore.com/local/red-light-therapy-az-scottsdale-gainey-village-az006",,"https://findsaunaplunge.com/venue/restore-hyper-wellness-gainey-village-scottsdale-phoenix-az/"
"restore-hyper-wellness-goodyear-phoenix-az","Restore Hyper Wellness — Goodyear","community","2026-08-15","restore-hyper-wellness","1400 N Litchfield Rd, Unit G-9","Goodyear","AZ","85395","phoenix-az","Phoenix","33.459793","-112.358214","red_light|cryotherapy|infrared_sauna|compression","unpublished",,,,"",,,,,"Mon-Fri 10AM-7PM, Sat-Sun 10AM-5PM","https://www.restore.com/local/red-light-therapy-az-goodyear-az019","https://www.restore.com/local/red-light-therapy-az-goodyear-az019",,"https://findsaunaplunge.com/venue/restore-hyper-wellness-goodyear-phoenix-az/"
"restore-hyper-wellness-peoria-phoenix-az","Restore Hyper Wellness — Peoria (Lake Pleasant)","community","2026-08-15","restore-hyper-wellness","25738 North Lake Pleasant Pkwy, Suite F106","Peoria","AZ","85383","phoenix-az","Phoenix","33.716653","-112.270427","red_light|cryotherapy|infrared_sauna|compression","unpublished",,,,"",,,,,"Mon-Fri 10AM-7PM, Sat 9AM-5PM, Sun 11AM-5PM","https://www.restore.com/local/red-light-therapy-az-lake-pleasant-az027","https://www.restore.com/local/red-light-therapy-az-lake-pleasant-az027","+1-480-264-2000","https://findsaunaplunge.com/venue/restore-hyper-wellness-peoria-phoenix-az/"
"reset-mind-body-arcadia-phoenix-az","RESET Mind & Body — Arcadia","community","2026-08-15","reset-mind-body","4041 E Thomas Rd #123","Phoenix","AZ","85018","phoenix-az","Phoenix","33.480361","-111.994613","red_light|compression|infrared_sauna|cold_plunge","unpublished",,,,"",,,,,"Mon-Fri 7AM-1PM & 3PM-8PM, Sat-Sun 9AM-4PM","https://resetmindbody.com/locations/arcadia-phoenix-az/",,"+1-602-641-3105","https://findsaunaplunge.com/venue/reset-mind-body-arcadia-phoenix-az/"
"reset-mind-body-uptown-phoenix-phoenix-az","RESET Mind & Body — Uptown Phoenix","community","2026-08-15","reset-mind-body","6202 N 7th St","Phoenix","AZ","85014","phoenix-az","Phoenix","33.527494","-112.065071","red_light|compression|infrared_sauna|cold_plunge","unpublished",,,,"",,,,,"Mon-Fri 6AM-1PM & 3PM-8PM, Sat-Sun 9AM-4PM","https://resetmindbody.com/locations/uptown-phoenix-az/",,"+1-602-962-5217","https://findsaunaplunge.com/venue/reset-mind-body-uptown-phoenix-phoenix-az/"
"reset-mind-body-paradise-valley-phoenix-az","RESET Mind & Body — Paradise Valley","community","2026-08-15","reset-mind-body","4667 E Cactus Rd, Suite 3A12","Phoenix","AZ","85032","phoenix-az","Phoenix","33.598365","-111.979637","red_light|compression|infrared_sauna|cold_plunge","unpublished",,,,"",,,,,"Mon-Fri 6AM-1PM & 3PM-8PM, Sat-Sun 9AM-4PM","https://resetmindbody.com/locations/paradise-valley-phoenix-az/",,"+1-602-560-9864","https://findsaunaplunge.com/venue/reset-mind-body-paradise-valley-phoenix-az/"
"reset-mind-body-south-tempe-phoenix-az","RESET Mind & Body — South Tempe","community","2026-08-15","reset-mind-body","9920 S Rural Rd, A-104","Tempe","AZ","85284","phoenix-az","Phoenix","33.321064","-111.928243","red_light|compression|infrared_sauna|cold_plunge","unpublished",,,,"",,,,,"Mon-Fri 6AM-1PM & 3PM-8PM, Sat-Sun 9AM-4PM","https://resetmindbody.com/locations/south-tempe-az/",,"+1-602-560-7416","https://findsaunaplunge.com/venue/reset-mind-body-south-tempe-phoenix-az/"
"reset-mind-body-cadence-mesa-phoenix-az","RESET Mind & Body — Cadence (Mesa)","community","2026-08-15","reset-mind-body","9264 E Cadence Pkwy, Suite 103","Mesa","AZ","85212","phoenix-az","Phoenix","33.319862","-111.633539","red_light|compression|infrared_sauna|cold_plunge","unpublished",,,,"",,,,,"Mon-Fri 6AM-1PM & 3PM-8PM, Sat-Sun 9AM-4PM","https://resetmindbody.com/locations/cadence-mesa-az/",,"+1-602-560-5915","https://findsaunaplunge.com/venue/reset-mind-body-cadence-mesa-phoenix-az/"
"reset-mind-body-old-town-scottsdale-phoenix-az","RESET Mind & Body — Old Town Scottsdale","community","2026-08-15","reset-mind-body","2515 N Scottsdale Rd, Suite 108","Scottsdale","AZ","85257","phoenix-az","Phoenix","33.476004","-111.926103","red_light|compression|infrared_sauna|cold_plunge","unpublished",,,,"",,,,,"Mon-Fri 6AM-1PM & 3PM-8PM, Sat-Sun 9AM-4PM","https://resetmindbody.com/locations/old-town-scottsdale-az/",,"+1-480-809-6836","https://findsaunaplunge.com/venue/reset-mind-body-old-town-scottsdale-phoenix-az/"
"perspire-sauna-studio-ocotillo-chandler-phoenix-az","Perspire Sauna Studio — Ocotillo","community","2026-08-15","perspire-sauna-studio","3885 South Arizona Avenue","Chandler","AZ","85248","phoenix-az","Phoenix","33.249217","-111.841073","infrared_sauna|red_light","private_suite","49",,"199","",,,,,"Mon-Fri 7AM-9PM, Sat-Sun 8AM-6PM","https://www.perspiresaunastudio.com/locations/ocotillo",,"+1-480-745-1674","https://findsaunaplunge.com/venue/perspire-sauna-studio-ocotillo-chandler-phoenix-az/"
"perspire-sauna-studio-cannon-beach-mesa-phoenix-az","Perspire Sauna Studio — Cannon Beach","community","2026-08-15","perspire-sauna-studio","4513 South Power Road, Suite 104","Mesa","AZ","85212","phoenix-az","Phoenix","33.334256","-111.687066","infrared_sauna|red_light","private_suite","49",,"199","",,,,,"Mon-Fri 7AM-9PM, Sat-Sun 8AM-6PM","https://www.perspiresaunastudio.com/locations/cannon-beach",,,"https://findsaunaplunge.com/venue/perspire-sauna-studio-cannon-beach-mesa-phoenix-az/"
"perspire-sauna-studio-lake-pleasant-peoria-phoenix-az","Perspire Sauna Studio — Lake Pleasant","community","2026-08-15","perspire-sauna-studio","24759 North Lake Pleasant Parkway, Ste 104","Peoria","AZ","85383","phoenix-az","Phoenix","33.708587","-112.272515","infrared_sauna|red_light","unpublished","39",,"189","",,,,,"Mon-Fri 7AM-9PM, Sat-Sun 8AM-7PM","https://www.perspiresaunastudio.com/locations/lake-pleasant",,"+1-623-850-3881","https://findsaunaplunge.com/venue/perspire-sauna-studio-lake-pleasant-peoria-phoenix-az/"
"augment-wellness-scottsdale-phoenix-az","Augment Wellness — Scottsdale","community","2026-08-15","augment-wellness","7000 E Mayo Blvd, Suite 1018","Phoenix","AZ","85054","phoenix-az","Phoenix","33.65661","-111.933364","cold_plunge|compression|infrared_sauna|red_light|float","unpublished",,,,"",,,,,"Closed Mon, Tue-Fri 7AM-7PM, Sat-Sun 8AM-1PM","https://www.augmentwellness.com/scottsdale/",,"+1-602-845-0706","https://findsaunaplunge.com/venue/augment-wellness-scottsdale-phoenix-az/"
"augment-wellness-gilbert-phoenix-az","Augment Wellness — Gilbert","community","2026-08-15","augment-wellness","35 E Warner Rd, Ste 103","Gilbert","AZ","85296","phoenix-az","Phoenix","33.335337","-111.78862","cold_plunge|compression|infrared_sauna|red_light|float","unpublished",,,,"",,,,,"Mon-Fri 6AM-8PM, Sat-Sun 8AM-5PM","https://www.augmentwellness.com/gilbert/",,"+1-480-306-4126","https://findsaunaplunge.com/venue/augment-wellness-gilbert-phoenix-az/"
"active-bodyworx-scottsdale-phoenix-az","Active Bodyworx","community","2026-08-15",,"8561 E Anderson Dr, Suite 109","Scottsdale","AZ","85255","phoenix-az","Phoenix","33.643973","-111.89491","cold_plunge|red_light|infrared_sauna|pemf|compression","unpublished",,,,"",,,,,"Mon-Sat 9AM-6PM, Sun 10AM-6PM","https://activebodyworx.com/recovery-room-new",,"+1-480-219-0590","https://findsaunaplunge.com/venue/active-bodyworx-scottsdale-phoenix-az/"
"life-time-biltmore-phoenix-az","Life Time Biltmore","brand_import","2026-08-26","life-time","2580 E. Camelback Rd","Phoenix","AZ","85016","phoenix-az","Phoenix","33.51076263","-112.0260308","cold_plunge|traditional_sauna|steam_room","communal",,,,"",,,,,"Mon–Thu 4:00am–11:00pm, Fri 4:00am–10:00pm, Sat–Sun 5:00am–10:00pm","https://www.lifetime.life/locations/az/biltmore/amenities.html",,"+1-623-244-3200","https://findsaunaplunge.com/venue/life-time-biltmore-phoenix-az/"
"life-time-gilbert-phoenix-az","Life Time Gilbert","brand_import","2026-08-26","life-time","381 East Warner Rd","Gilbert","AZ","85296","phoenix-az","Phoenix","33.33426117","-111.782924","cold_plunge|steam_room|traditional_sauna","communal",,,,"",,,,,"Mon–Fri 4:00am–12:00am, Sat–Sun 5:00am–10:00pm","https://www.lifetime.life/locations/az/gilbert/amenities.html",,"+1-480-892-5020","https://findsaunaplunge.com/venue/life-time-gilbert-phoenix-az/"
"life-time-happy-valley-peoria-phoenix-az","Life Time Happy Valley-Peoria","brand_import","2026-08-26","life-time","24700 North 67th Ave","Peoria","AZ","85383","phoenix-az","Phoenix","33.70806106","-112.20448","cold_plunge|steam_room|traditional_sauna","communal",,,,"",,,,,"Mon–Thu 4:00am–12:00am, Fri 4:00am–10:00pm, Sat–Sun 5:00am–10:00pm","https://www.lifetime.life/locations/az/happy-valley-peoria/amenities.html",,"+1-623-259-3400","https://findsaunaplunge.com/venue/life-time-happy-valley-peoria-phoenix-az/"
"life-time-ocotillo-phoenix-az","Life Time Ocotillo","brand_import","2026-08-26","life-time","1505 East Ocotillo Road","Gilbert","AZ","85298","phoenix-az","Phoenix","33.24810597","-111.7554023","cold_plunge|steam_room|traditional_sauna","communal",,,,"",,,,,"Mon–Fri 4:00am–11:00pm, Sat–Sun 5:00am–10:00pm","https://www.lifetime.life/locations/az/ocotillo/amenities.html",,"+1-480-237-5000","https://findsaunaplunge.com/venue/life-time-ocotillo-phoenix-az/"
"life-time-paradise-valley-phoenix-az","Life Time Paradise Valley","brand_import","2026-08-26","life-time","12800 North Tatum Blvd","Phoenix","AZ","85032","phoenix-az","Phoenix","33.603339414655245","-111.9809803566427","cold_plunge|steam_room|traditional_sauna","communal",,,,"",,,,,"Mon–Fri 4:00am–12:00am, Sat–Sun 5:00am–11:00pm","https://www.lifetime.life/locations/az/paradise-valley/amenities.html",,"+1-480-237-2800","https://findsaunaplunge.com/venue/life-time-paradise-valley-phoenix-az/"
"life-time-scottsdale-fashion-square-phoenix-az","Life Time Scottsdale Fashion Square","brand_import","2026-08-26","life-time","4724 N Goldwater Blvd","Scottsdale","AZ","85251","phoenix-az","Phoenix","33.50434156","-111.9314162","cold_plunge|traditional_sauna|steam_room","communal",,,,"",,,,,"Mon–Thu 4:00am–10:00pm, Fri 4:00am–9:00pm, Sat–Sun 6:00am–8:00pm","https://www.lifetime.life/locations/az/scottsdale-fashion-square/amenities.html",,"+1-480-791-0650","https://findsaunaplunge.com/venue/life-time-scottsdale-fashion-square-phoenix-az/"
"life-time-tempe-phoenix-az","Life Time Tempe","brand_import","2026-08-26","life-time","1616 W Ruby Dr","Tempe","AZ","85284","phoenix-az","Phoenix","33.34098081","-111.9646788","cold_plunge|steam_room","communal",,,,"",,,,,"Mon–Fri 4:00am–12:00am, Sat–Sun 5:00am–10:00pm","https://www.lifetime.life/locations/az/tempe/amenities.html",,"+1-480-705-8855","https://findsaunaplunge.com/venue/life-time-tempe-phoenix-az/"
"staufer-retreat-portland-or","Staufer Retreat","community","2026-08-16",,"13195 NW McNamee Rd","Portland","OR","97231","portland-or","Portland","45.618972","-122.840554","cold_plunge|traditional_sauna","unpublished","40",,"120","",,,,,,"https://www.stauferretreat.com/wellness-studio","https://www.stauferretreat.com/wellness-studio",,"https://findsaunaplunge.com/venue/staufer-retreat-portland-or/"
"loyly-northeast-portland-or","Löyly Northeast","community","2026-08-16",,"3525 NE Martin Luther King Jr Blvd","Portland","OR","97212","portland-or","Portland","45.54847","-122.661669","traditional_sauna","unpublished","30",,,"",,,,,"Monday - Sunday 9am - 9pm","https://www.loyly.net","https://www.loyly.net/sauna","+1-503-914-4303","https://findsaunaplunge.com/venue/loyly-northeast-portland-or/"
"cascada-thermal-springs-portland-or","CASCADA Thermal Springs","community","2026-08-16",,"1150 NE Alberta Street","Portland","OR","97211","portland-or","Portland","45.559049","-122.654114","cold_plunge|traditional_sauna|steam_room|red_light","communal",,"100",,"",,,,,"Sun 7am-9pm, Mon 7am-9pm, Tue 11am-9pm, Wed 7am-9pm, Thu 7am-9pm, Fri-Sat 7am-10pm","https://cascada.me/pages/spa-hot-springs","https://cascada.me/pages/spa-hot-springs","+1-503-227-2232","https://findsaunaplunge.com/venue/cascada-thermal-springs-portland-or/"
"the-everett-house-portland-or","The Everett House","community","2026-08-16",,"2927 NE Everett St","Portland","OR","97232","portland-or","Portland","45.525094","-122.635492","cold_plunge|traditional_sauna|steam_room","unpublished","28",,,"",,,,,"Mon 1pm-11pm, Tue-Thu 9am-11pm, Fri 11am-11pm, Sat-Sun 9am-11pm","https://www.everetthousecommunityhealingcenter.com","https://www.everetthousecommunityhealingcenter.com/spapricing","+1-503-232-6161","https://findsaunaplunge.com/venue/the-everett-house-portland-or/"
"shiver-and-sweat-portland-or","Shiver & Sweat","community","2026-08-16",,"4019 N Williams Ave","Portland","OR","97210","portland-or","Portland","45.552322","-122.666816","infrared_sauna|cold_plunge|red_light","private_suite",,,,"","46","52","170","170",,"https://www.shiverandsweat.com/","https://www.shiverandsweat.com/memberships-packages","+1-503-896-4069","https://findsaunaplunge.com/venue/shiver-and-sweat-portland-or/"
"knot-springs-portland-or","Knot Springs","community","2026-08-16",,"33 NE 3rd Ave Ste. 365","Portland","OR","97232","portland-or","Portland","45.523204","-122.662819","cold_plunge|traditional_sauna|steam_room","communal","69",,"150","","47","47",,,"7am-9pm daily","https://www.knotsprings.com","https://www.knotsprings.com/the-springs","+1-503-222-5668","https://findsaunaplunge.com/venue/knot-springs-portland-or/"
"forest-haven-sauna-portland-or","Forest Haven Sauna","community","2026-08-16",,"9644 SW West Haven Dr","Portland","OR","97225","portland-or","Portland","45.51391","-122.775438","traditional_sauna","private_suite",,,,"",,,,,"Open daily 10:00am-8:00pm","https://forestsaunapdx.com/","https://app.squareup.com/appointments/book/xkixhokqjj5m3m/LBCF5TC30K6Y1/start","+1-971-330-5901","https://findsaunaplunge.com/venue/forest-haven-sauna-portland-or/"
"bear-banya-portland-or","Bear Banya","community","2026-08-16",,"2130 SE 96th Ave","Portland","OR","97216","portland-or","Portland","45.50733","-122.564273","traditional_sauna|steam_room|cold_plunge","unpublished","120",,,"",,,,,,"http://www.bearbanya.com/","https://www.bearbanya.com/luxury-spa-packages","+1-503-345-4888","https://findsaunaplunge.com/venue/bear-banya-portland-or/"
"ebb-and-ember-portland-or","Ebb & Ember","community","2026-08-16",,"173 NE Bridgeton Road","Portland","OR","97211","portland-or","Portland","45.602092","-122.66268","cold_plunge|traditional_sauna","communal","49",,"99","",,,,,"Daily 7:00am-9:00pm","https://www.ebbandember.com","https://www.ebbandember.com","+1-503-308-1293","https://findsaunaplunge.com/venue/ebb-and-ember-portland-or/"
"connect-wellness-vancouver-wa","Connect Wellness","community","2026-08-16",,"4301 NE 59th Ave","Vancouver","WA","98661","portland-or","Portland","45.653139","-122.611344","cold_plunge|traditional_sauna","unpublished","40",,,"","35","55","160","190","Friday - Monday 7am-9:30pm, Tuesday & Thursday 6am-8:30pm, Wednesday 2:30pm-9:30pm","https://www.connectwellness.biz","https://www.connectwellness.biz","+1-360-600-2837","https://findsaunaplunge.com/venue/connect-wellness-vancouver-wa/"
"uptown-sauna-house-vancouver-wa","Uptown Sauna House","community","2026-08-24",,"414 W 23rd St","Vancouver","WA","98660","portland-or","Portland","45.638152","-122.675241","cold_plunge|traditional_sauna","communal","35",,,"",,,"180","205",,"https://www.uptownsaunahouse.com","https://www.uptownsaunahouse.com/book-online",,"https://findsaunaplunge.com/venue/uptown-sauna-house-vancouver-wa/"
"loyly-southeast-portland-or","Löyly Southeast","community","2026-08-16",,"2713 SE 21st Ave","Portland","OR","97202","portland-or","Portland",,,"traditional_sauna","unpublished","30",,,"",,,,,"Monday - Friday 7am - 9pm, Saturday - Sunday 9am - 9pm","https://www.loyly.net","https://www.loyly.net/sauna","+1-503-236-6850","https://findsaunaplunge.com/venue/loyly-southeast-portland-or/"
"life-time-beaverton-portland-or","Life Time Beaverton","brand_import","2026-08-26","life-time","600 SW 116th Ave","Beaverton","OR","97225","portland-or","Portland","45.51556867","-122.7947358","cold_plunge|steam_room|traditional_sauna","communal",,,,"",,,,,"Mon–Fri 4:00am–12:00am, Sat–Sun 5:00am–10:00pm","https://www.lifetime.life/locations/or/beaverton/amenities.html",,"+1-503-616-9950","https://findsaunaplunge.com/venue/life-time-beaverton-portland-or/"
"bioworx-alamo-ranch-san-antonio-tx","bioworX Alamo Ranch","community","2026-08-15","bioworx","7010 W Loop 1604 N, Suite 208","San Antonio","TX","78254","san-antonio-tx","San Antonio","29.50363","-98.69925","cold_plunge|infrared_sauna|red_light|cryotherapy|compression","private_suite",,,,"",,,,,"Mon 9:30am–7:00pm, Tues & Thurs 10:00am–8:00pm, Wed closed, Fri 10:00am–7:00pm, Sat 9:30am–5:00pm, Sun 12:00pm–4:00pm","https://mybioworx.com/san-antonio-tx-alamo-ranch/","https://mybioworx.com/booking-widget-alamo-ranch/","+1-210-802-6742","https://findsaunaplunge.com/venue/bioworx-alamo-ranch-san-antonio-tx/"
"perspire-sauna-studio-dominion-san-antonio-tx","Perspire Sauna Studio — Dominion","community","2026-08-15","perspire-sauna-studio","21803 West Interstate 10, Suite 108","San Antonio","TX","78257","san-antonio-tx","San Antonio","29.644568","-98.620453","infrared_sauna|red_light","private_suite","49",,"99","",,,,,"Mon–Thu 7:00am–9:00pm, Fri 7:00am–7:00pm, Sat–Sun 8:00am–7:00pm","https://www.perspiresaunastudio.com/tx/dominion/",,"+1-210-764-5187","https://findsaunaplunge.com/venue/perspire-sauna-studio-dominion-san-antonio-tx/"
"perspire-sauna-studio-huebner-oaks-san-antonio-tx","Perspire Sauna Studio — Huebner Oaks","community","2026-08-15","perspire-sauna-studio","11255 Huebner Road, Suite 111","San Antonio","TX","78230","san-antonio-tx","San Antonio","29.54629","-98.577154","infrared_sauna|red_light","private_suite","49",,"99","",,,,,"Mon–Fri 7:00am–9:00pm, Sat–Sun 8:00am–8:00pm","https://www.perspiresaunastudio.com/tx/huebner-oaks/",,"+1-210-446-0104","https://findsaunaplunge.com/venue/perspire-sauna-studio-huebner-oaks-san-antonio-tx/"
"perspire-sauna-studio-stone-oak-san-antonio-tx","Perspire Sauna Studio — Stone Oak","community","2026-08-15","perspire-sauna-studio","19239 Stone Oak Parkway, Suite 108","San Antonio","TX","78258","san-antonio-tx","San Antonio","29.629024","-98.496499","infrared_sauna|red_light","private_suite","49",,"99","",,,,,"Mon–Thu 7:00am–9:00pm, Fri 7:00am–7:00pm, Sat–Sun 8:00am–7:00pm","https://www.perspiresaunastudio.com/tx/stone-oak/",,"+1-210-750-4170","https://findsaunaplunge.com/venue/perspire-sauna-studio-stone-oak-san-antonio-tx/"
"sweat-equity-infrared-saunas-san-antonio-tx","Sweat Equity Infrared Saunas","community","2026-08-15",,"809 S St Mary’s St","San Antonio","TX","78205","san-antonio-tx","San Antonio","29.416553","-98.489906","cold_plunge|infrared_sauna|red_light|cryotherapy|compression","private_suite",,,,"","46","46",,,"Mon–Fri 8:00am–7:00pm, Sat 9:00am–5:00pm, Sun 10:00am–4:00pm","https://sweatequitysa.com/","https://sweatequitysa.com/schedule-appointment/","+1-210-375-5319","https://findsaunaplunge.com/venue/sweat-equity-infrared-saunas-san-antonio-tx/"
"oasis-cryo-health-spa-san-antonio-tx","Oasis Cryo & Health Spa","community","2026-08-15",,"13133 NW Military Dr.","San Antonio","TX","78231","san-antonio-tx","San Antonio","29.561003","-98.53665","infrared_sauna|cryotherapy|red_light|pemf|compression","unpublished",,,,"",,,,,,"https://www.oasiscryo.com/",,"+1-726-582-8910","https://findsaunaplunge.com/venue/oasis-cryo-health-spa-san-antonio-tx/"
"bioworx-alamo-heights-san-antonio-tx","bioworX Alamo Heights","community","2026-08-15","bioworx","6486 N New Braunfels Ave","San Antonio","TX","78209","san-antonio-tx","San Antonio","29.489932","-98.459197","cold_plunge|infrared_sauna|cryotherapy|red_light|compression","unpublished",,,,"",,,,,"Mon 7:00am-7:00pm, Tue-Fri 10:00am-7:00pm, Sat 9:00am-4:00pm, Sun 12:00pm-4:00pm","https://mybioworx.com/san-antonio-tx-alamo-heights/",,"+1-210-375-9087","https://findsaunaplunge.com/venue/bioworx-alamo-heights-san-antonio-tx/"
"bioworx-tpc-parkway-san-antonio-tx","bioworX TPC Parkway","community","2026-08-15","bioworx","3111 TPC Parkway, Suite 117","San Antonio","TX","78259","san-antonio-tx","San Antonio","29.660173","-98.437039","cold_plunge|infrared_sauna|cryotherapy|red_light|compression","unpublished",,,,"",,,,,"Mon-Fri 10:00am-8:00pm, Sat 10:00am-5:00pm, Sun 12:00pm-5:00pm","https://mybioworx.com/san-antonio-tx-tpc-parkway/",,"+1-210-467-5801","https://findsaunaplunge.com/venue/bioworx-tpc-parkway-san-antonio-tx/"
"bioworx-boerne-san-antonio-tx","bioworX Boerne","community","2026-08-15","bioworx","701 S. Main Street","Boerne","TX","78006","san-antonio-tx","San Antonio","29.787283","-98.728981","cold_plunge|infrared_sauna|cryotherapy|red_light|compression","private_suite",,,,"",,,,,"Mon-Fri 9:30am-6:30pm, Sat 9:30am-4:00pm, Sun Closed","https://mybioworx.com/location/san-antonio-boerne/",,"+1-830-343-0727","https://findsaunaplunge.com/venue/bioworx-boerne-san-antonio-tx/"
"bioworx-cibolo-san-antonio-tx","bioworX Cibolo","community","2026-08-15","bioworx","857 Cibolo Valley Drive, Suite 264","Cibolo","TX","78108","san-antonio-tx","San Antonio","29.571457","-98.237914","cold_plunge|infrared_sauna|cryotherapy|red_light|compression","unpublished",,,,"",,,,,"Mon-Fri 10:00am-7:00pm, Sat 9:00am-5:00pm, Sun Closed","https://mybioworx.com/san-antonio-tx-cibolo/",,"+1-210-688-8443","https://findsaunaplunge.com/venue/bioworx-cibolo-san-antonio-tx/"
"bioworx-leon-springs-san-antonio-tx","bioworX Leon Springs","community","2026-08-15",,"24165 W Interstate 10 Frontage Rd, Suite 205","San Antonio","TX","78257","san-antonio-tx","San Antonio","29.665084","-98.629277","cold_plunge|infrared_sauna|cryotherapy|red_light|compression","private_suite",,,,"",,,,,"Mon-Fri 9:00am-6:00pm, Sat Closed, Sun 11:00am-3:00pm","https://leonsprings.mybioworx.com/",,"+1-210-953-7336","https://findsaunaplunge.com/venue/bioworx-leon-springs-san-antonio-tx/"
"restore-hyper-wellness-sonterra-san-antonio-tx","Restore Hyper Wellness — Sonterra","community","2026-08-15","restore-hyper-wellness","427 N Loop 1604 West, #205","San Antonio","TX","78232","san-antonio-tx","San Antonio","29.555255","-98.498953","infrared_sauna|cryotherapy|red_light|compression","unpublished","45",,,"",,,,,"Mon-Fri 10:00am-7:00pm, Sat 10:00am-5:00pm, Sun 11:00am-5:00pm","https://www.restore.com/locations/tx-san-antonio-sonterra-tx008","https://booking.restore.com/book","+1-210-451-0052","https://findsaunaplunge.com/venue/restore-hyper-wellness-sonterra-san-antonio-tx/"
"restore-hyper-wellness-quarry-san-antonio-tx","Restore Hyper Wellness — Quarry","community","2026-08-15","restore-hyper-wellness","310 E Basse Rd, Suite 109","San Antonio","TX","78209","san-antonio-tx","San Antonio","29.495815","-98.47924","infrared_sauna|cryotherapy|red_light|compression","unpublished","45",,,"",,,,,"Mon-Fri 10:00am-7:00pm, Sat 10:00am-5:00pm, Sun 11:00am-5:00pm","https://www.restore.com/locations/tx-san-antonio-quarry-tx021","https://booking.restore.com/book","+1-210-600-4223","https://findsaunaplunge.com/venue/restore-hyper-wellness-quarry-san-antonio-tx/"
"icryo-helotes-san-antonio-tx","iCRYO Helotes","community","2026-08-15","icryo","11851 Bandera Rd Ste 108","San Antonio","TX","78023","san-antonio-tx","San Antonio","29.555594","-98.669725","infrared_sauna|cryotherapy|red_light|compression","unpublished",,,,"",,,,,"Mon-Fri 9:00am-8:00pm, Sat 10:00am-6:00pm, Sun 10:00am-4:00pm","https://icryo.com/location/helotes-tx/",,"+1-210-368-6255","https://findsaunaplunge.com/venue/icryo-helotes-san-antonio-tx/"
"the-wellness-hub-san-antonio-tx","The Wellness Hub","community","2026-08-24",,"24850 Blanco Rd, Ste 400","San Antonio","TX","78260","san-antonio-tx","San Antonio","29.673352","-98.522509","cold_plunge|infrared_sauna|red_light|compression","unpublished",,,"79","",,,,,,"https://www.thiswellnesshub.com/",,"+1-210-251-4560","https://findsaunaplunge.com/venue/the-wellness-hub-san-antonio-tx/"
"transcend-health-spa-san-antonio-tx","Transcend Health Spa","community","2026-08-15",,"914 E Elmira St. Suite 204","San Antonio","TX","78212","san-antonio-tx","San Antonio","29.440876","-98.485654","cold_plunge|traditional_sauna|infrared_sauna|float|red_light","private_suite","25",,"164","",,,,,"Sun 10:00am-7:00pm, Mon 10:00am-7:00pm, Tue 10:00am-7:00pm, Wed 10:00am-3:00pm, Thu 10:00am-7:00pm, Fri 10:00am-7:00pm, Sat 10:00am-7:00pm","https://www.transcendsa.com/","https://book.squareup.com/appointments/c0tus04fxrr7si/location/LV5K75B3D12WW/services","+1-210-920-8929","https://findsaunaplunge.com/venue/transcend-health-spa-san-antonio-tx/"
"total-regen-cryo-san-antonio-tx","Total Regen Cryo","community","2026-08-15",,"17910 Bulverde Rd #103","San Antonio","TX","78259","san-antonio-tx","San Antonio","29.604598","-98.418485","infrared_sauna|cryotherapy|red_light|compression","unpublished",,,,"",,,,,,"https://totalregencryo.com/",,"+1-210-701-8822","https://findsaunaplunge.com/venue/total-regen-cryo-san-antonio-tx/"
"life-time-san-antonio-281-san-antonio-tx","Life Time San Antonio 281","brand_import","2026-08-26","life-time","18510 US Highway 281 N","San Antonio","TX","78259","san-antonio-tx","San Antonio","29.61263999","-98.4660181","cold_plunge|steam_room","communal",,,,"",,,,,"Mon–Fri 4:00am–12:00am, Sat–Sun 5:00am–11:00pm","https://www.lifetime.life/locations/tx/san-antonio-281/amenities.html",,"+1-210-545-5000","https://findsaunaplunge.com/venue/life-time-san-antonio-281-san-antonio-tx/"
"life-time-san-antonio-at-the-rim-san-antonio-tx","Life Time San Antonio at the Rim","brand_import","2026-08-26","life-time","5639 Worth Pkwy","San Antonio","TX","78257","san-antonio-tx","San Antonio","29.61437098","-98.5970901","cold_plunge|steam_room|traditional_sauna","communal",,,,"",,,,,"Mon–Fri 4:00am–12:00am, Sat–Sun 5:00am–11:00pm","https://www.lifetime.life/locations/tx/san-antonio-at-the-rim/amenities.html",,"+1-210-222-1984","https://findsaunaplunge.com/venue/life-time-san-antonio-at-the-rim-san-antonio-tx/"
"pure-infrared-sauna-studio-san-diego-ca","Pure Infrared Sauna Studio","community","2026-08-16",,"2665 5th Avenue Suite 103","San Diego","CA","92103","san-diego-ca","San Diego","32.733093","-117.160236","cold_plunge|infrared_sauna|red_light|compression|pemf","private_suite",,"149","279","",,,"140","150",,"https://www.pureinfraredsaunastudio.com/","https://www.pureinfraredsaunastudio.com/pricing","+1-619-914-2730","https://findsaunaplunge.com/venue/pure-infrared-sauna-studio-san-diego-ca/"
"conscious-body-recovery-san-diego-ca","Conscious Body Recovery","community","2026-08-16",,"4030 Sports Arena Blvd","San Diego","CA","92110","san-diego-ca","San Diego","32.755667","-117.220767","cold_plunge|infrared_sauna","unpublished","49",,"199","",,,,,"Monday-Sunday 6:00AM-9:00PM, by appointment only","https://www.consciousbodyrecovery.com/",,"+1-858-305-2226","https://findsaunaplunge.com/venue/conscious-body-recovery-san-diego-ca/"
"soul-plunge-la-jolla-san-diego-ca","Soul Plunge","community","2026-08-16",,"7463 Girard Ave","La Jolla","CA","92109","san-diego-ca","San Diego","32.84013","-117.272305","cold_plunge|infrared_sauna|red_light","communal",,,"199","","42","45",,,"Mon/Tue/Thu/Fri 7AM-8PM, Wed 6AM-8PM, Sat 7:30AM-3PM, Sun 7:30AM-6:30PM","https://soulplunge.com/","https://soulplunge.com/pricing","+1-619-880-6880","https://findsaunaplunge.com/venue/soul-plunge-la-jolla-san-diego-ca/"
"club-house-enc-encinitas-san-diego-ca","Club House Enc","community","2026-08-16",,"449 S. Coast Hwy 101","Encinitas","CA","92024","san-diego-ca","San Diego","33.046671","-117.293845","cold_plunge|infrared_sauna|red_light|compression","communal","35",,"135","",,,,,"Mon-Fri 8am-7pm, Sat-Sun 8am-3pm","https://www.clubhouse-enc.com/","https://www.clubhouse-enc.com/","+1-760-309-9474","https://findsaunaplunge.com/venue/club-house-enc-encinitas-san-diego-ca/"
"calor-sauna-studios-carlsbad-san-diego-ca","Calor Sauna Studios","community","2026-08-16",,"527 Carlsbad Village Dr","Carlsbad","CA","92008","san-diego-ca","San Diego","33.159661","-117.348418","cold_plunge|infrared_sauna","private_suite",,,,"",,,,,"Opens 8am daily (closing time not published)","https://calorsaunastudios.com/",,"+1-760-213-5946","https://findsaunaplunge.com/venue/calor-sauna-studios-carlsbad-san-diego-ca/"
"r3-recover-la-jolla-san-diego-ca","R3 Recover","community","2026-08-16",,"7741 Fay Ave.","La Jolla","CA","92037","san-diego-ca","San Diego","32.843939","-117.274852","cold_plunge|infrared_sauna|red_light|compression","unpublished",,,"399","",,,,,"Mon-Thu 6AM-6PM, Fri 6AM-3PM, Sat-Sun 9AM-3PM","https://www.r3recover.com/","https://www.r3recover.com/booking","+1-858-252-7848","https://findsaunaplunge.com/venue/r3-recover-la-jolla-san-diego-ca/"
"ocean-pacific-gym-wellness-pacific-beach-san-diego-ca","Ocean Pacific Gym & Wellness","community","2026-08-16",,"4150 Mission Blvd","San Diego","CA","92109","san-diego-ca","San Diego","32.791534","-117.254014","cold_plunge|traditional_sauna|steam_room|red_light","unpublished",,,,"",,,,,"Mon-Fri 5AM-10PM, Sat-Sun 6AM-8PM","https://www.oceanpacificgym.com/",,"+1-619-377-4421","https://findsaunaplunge.com/venue/ocean-pacific-gym-wellness-pacific-beach-san-diego-ca/"
"hot-haven-sauna-studio-san-diego-ca","HOT HAVEN","community","2026-08-16",,"521 Grape Street","San Diego","CA","92101","san-diego-ca","San Diego","32.726116","-117.160041","infrared_sauna|compression","private_suite","59",,,"",,,,,"Mon-Thu 10-7:30, Fri 10-5, Sat-Sun 9:30-5","https://www.myhothaven.com/","https://www.myhothaven.com/services","+1-619-255-0907","https://findsaunaplunge.com/venue/hot-haven-sauna-studio-san-diego-ca/"
"stone-impact-oceanside-san-diego-ca","Stone Impact","community","2026-08-16",,"845 S Coast Hwy","Oceanside","CA","92054","san-diego-ca","San Diego","33.188041","-117.37304","cold_plunge|traditional_sauna|compression","unpublished",,,"75","",,,,,"Mon-Fri 5am-8pm, Sat 8am-2pm","https://www.stoneimpact.co/","https://www.stoneimpact.co/pages/recovery","+1-949-627-7753","https://findsaunaplunge.com/venue/stone-impact-oceanside-san-diego-ca/"
"bella-longevity-spa-oceanside-san-diego-ca","Bella Longevity Spa","community","2026-08-16",,"1763 Oceanside Blvd, Suite B","Oceanside","CA","92054","san-diego-ca","San Diego","33.190911","-117.361392","cold_plunge|infrared_sauna|compression|red_light|pemf|float","unpublished",,,,"",,,,,"Mon-Fri 7am-7pm, Sat 9am-3pm, Sun closed","https://bellalongevityspa.com/","https://momence.com/u/bella-longevity-spa","+1-760-421-4757","https://findsaunaplunge.com/venue/bella-longevity-spa-oceanside-san-diego-ca/"
"san-diego-cryotherapy-san-diego-ca","San Diego Cryotherapy","community","2026-08-16",,"6350 Riverdale St.","San Diego","CA","92120","san-diego-ca","San Diego","32.789526","-117.099683","cryotherapy|infrared_sauna|red_light","unpublished","46",,"99","",,,,,,"https://www.sandiegocryotherapy.com/","https://www.sandiegocryotherapy.com/pricing/","+1-619-586-8624","https://findsaunaplunge.com/venue/san-diego-cryotherapy-san-diego-ca/"
"lagree-versa-fit-oceanside-san-diego-ca","Lagree + Versa Fit","community","2026-08-16",,"515 Vista Way","Oceanside","CA","92054","san-diego-ca","San Diego","33.172134","-117.359359","cold_plunge|infrared_sauna","unpublished","39",,"249","","45","45","150","150","Mon-Fri 6:00a-7:00p, Sat-Sun 7:00a-1:00p","https://www.lagreeandversafit.com/lagree-oceanside","https://www.lagreeandversafit.com/coldplungeandsauna","+1-760-575-4841","https://findsaunaplunge.com/venue/lagree-versa-fit-oceanside-san-diego-ca/"
"truself-sporting-club-san-diego-ca","TruSelf Sporting Club","community","2026-08-16",,"5125 Waring Road","San Diego","CA","92120","san-diego-ca","San Diego","32.79119","-117.082129","cold_plunge|infrared_sauna|compression","private_suite","49",,"99","",,,,,"Mon-Fri 5:00am-9:00pm, Sat-Sun 8:00am-4:00pm","https://truselfsportingclub.com/","https://truselfsportingclub.com/cold-plunge-san-diego/","+1-619-431-5407","https://findsaunaplunge.com/venue/truself-sporting-club-san-diego-ca/"
"yu-spa-san-diego-ca","Yu Spa of San Diego","community","2026-08-16",,"3927 Convoy Street","San Diego","CA","92111","san-diego-ca","San Diego","32.81467","-117.153245","cold_plunge|traditional_sauna|steam_room","unpublished",,,,"",,,,,"Mon/Wed/Thu/Sun 9:30am-8:30pm, Fri-Sat 9:30am-9:00pm, Tue closed","https://yuspasd.com/","https://yuspasd.com/services/","+1-858-987-0476","https://findsaunaplunge.com/venue/yu-spa-san-diego-ca/"
"aqua-day-spa-san-diego-ca","Aqua Day Spa","community","2026-08-16",,"4637 Convoy Street ste 105","San Diego","CA","92111","san-diego-ca","San Diego","32.824445","-117.155148","cold_plunge|traditional_sauna|steam_room","unpublished","35",,,"",,,,,"Open daily 8:30 AM - 9:00 PM","https://www.aquadayspaconvoy.com/",,"+1-858-279-8889","https://findsaunaplunge.com/venue/aqua-day-spa-san-diego-ca/"
"recoverme-san-diego-ca","RecoverMe","community","2026-08-16",,"3270 Greyling Dr","San Diego","CA","92123","san-diego-ca","San Diego","32.802451","-117.139436","cryotherapy|infrared_sauna|red_light|compression","unpublished",,,,"",,,,,"Mon-Fri 5:00am-11:00pm, Sat-Sun 7:00am-7:00pm","https://www.recovermesandiego.com/",,"+1-858-267-4205","https://findsaunaplunge.com/venue/recoverme-san-diego-ca/"
"lagree-red-carlsbad-san-diego-ca","Lagree Red","community","2026-08-16",,"7130 Avenida Encinas Suite #E104","Carlsbad","CA","92011","san-diego-ca","San Diego","33.100567","-117.312222","infrared_sauna|cryotherapy|red_light","unpublished",,,,"",,,,,"Mon-Fri 6:00AM-6:00PM, Sat-Sun 7:00AM-12:00PM","https://www.lagreered.com/",,"+1-760-307-1777","https://findsaunaplunge.com/venue/lagree-red-carlsbad-san-diego-ca/"
"gocryo-san-diego-ca","GoCryo","community","2026-08-16",,"7807 Convoy Court #103","San Diego","CA","92111","san-diego-ca","San Diego","32.834422","-117.152666","cryotherapy|infrared_sauna|compression","private_suite",,,,"",,,,,"Mon-Fri 10:00am-7:00pm, Sat 10am-3pm, Sun 10am-3pm","https://gocryosd.com/","https://square.site/book/MQZK0NA47Y62V/gocryosd-san-diego-ca","+1-858-255-0699","https://findsaunaplunge.com/venue/gocryo-san-diego-ca/"
"life-time-otay-ranch-san-diego-ca","Life Time Otay Ranch","brand_import","2026-08-26","life-time","1650 Main Street West","Chula Vista","CA","91913","san-diego-ca","San Diego","32.6043713","-116.9773451","cold_plunge|steam_room|traditional_sauna","communal",,,,"",,,,,"Mon–Thu 5:00am–11:00pm, Fri 5:00am–10:00pm, Sat–Sun 5:00am–9:00pm","https://www.lifetime.life/locations/ca/otay-ranch/amenities.html",,"+1-619-651-2700","https://findsaunaplunge.com/venue/life-time-otay-ranch-san-diego-ca/"
"archimedes-banya-san-francisco-ca","Archimedes Banya","community","2026-08-16",,"748 Innes Avenue","San Francisco","CA","94124","san-francisco-ca","San Francisco","37.730444","-122.372888","traditional_sauna|steam_room|cold_plunge","communal",,,,"",,,"170","210","Mon, Wed, Thu, Fri 12pm-11pm; Sat-Sun 10am-11pm","https://banyasf.com/","https://banyasf.com/book-now/","+1-415-206-9000","https://findsaunaplunge.com/venue/archimedes-banya-san-francisco-ca/"
"fjord-san-francisco-ca","Fjord","community","2026-08-16",,"2310 Marinship Way","Sausalito","CA","94965","san-francisco-ca","San Francisco",,,"cold_plunge|traditional_sauna","mixed","45",,,"",,,"190","190",,"https://www.thisisfjord.com","https://www.thisisfjord.com",,"https://findsaunaplunge.com/venue/fjord-san-francisco-ca/"
"kabuki-springs-spa-san-francisco-ca","Kabuki Springs & Spa","community","2026-08-16",,"1750 Geary Blvd","San Francisco","CA","94115","san-francisco-ca","San Francisco","37.78457","-122.432146","cold_plunge|traditional_sauna|steam_room","communal","49",,,"","55","55","150","150",,"https://kabukisprings.com/","https://kabukisprings.com/springs-pricing-info/","+1-415-922-6000","https://findsaunaplunge.com/venue/kabuki-springs-spa-san-francisco-ca/"
"kumefloat-san-francisco-ca","KumeFloat","community","2026-08-16",,"584 Grand Ave","Oakland","CA","94610","san-francisco-ca","San Francisco","37.812349","-122.27098","infrared_sauna|cryotherapy|compression|red_light|float","private_suite",,,,"",,,,,,"https://kumefloat.com/","https://kumefloat.com/reservations/","+1-510-607-8930","https://findsaunaplunge.com/venue/kumefloat-san-francisco-ca/"
"onsen-sf-san-francisco-ca","Onsen SF","community","2026-08-16",,"466 Eddy St","San Francisco","CA","94109","san-francisco-ca","San Francisco","37.783645","-122.415332","cold_plunge|traditional_sauna|steam_room","communal","50",,,"",,,,,,"https://www.onsensf.com","https://www.exploretock.com/onsenurbanbathandrestaurant/","+1-415-441-4987","https://findsaunaplunge.com/venue/onsen-sf-san-francisco-ca/"
"perspire-sauna-studio-berkeley-san-francisco-ca","Perspire Sauna Studio - Berkeley","community","2026-08-16",,"2598 Shattuck Avenue","Berkeley","CA","94704","san-francisco-ca","San Francisco","37.862209","-122.267316","infrared_sauna|red_light","private_suite",,,,"",,,,,,"https://www.perspiresaunastudio.com/locations/berkeley","https://www.perspiresaunastudio.com/locations/berkeley","+1-510-616-7378","https://findsaunaplunge.com/venue/perspire-sauna-studio-berkeley-san-francisco-ca/"
"perspire-sauna-studio-corte-madera-san-francisco-ca","Perspire Sauna Studio - Corte Madera","community","2026-08-16",,"57 Tamal Vista Boulevard","Corte Madera","CA","94925","san-francisco-ca","San Francisco","37.93366","-122.518177","infrared_sauna|red_light","private_suite",,,,"",,,,,,"https://www.perspiresaunastudio.com/locations/corte-madera","https://www.perspiresaunastudio.com/locations/corte-madera","+1-415-413-0698","https://findsaunaplunge.com/venue/perspire-sauna-studio-corte-madera-san-francisco-ca/"
"perspire-sauna-studio-mountain-view-san-francisco-ca","Perspire Sauna Studio - Mountain View","community","2026-08-16",,"555 San Antonio Road Unit 38","Mountain View","CA","94040","san-francisco-ca","San Francisco","37.403263","-122.112145","infrared_sauna|red_light","private_suite",,,,"",,,,,,"https://www.perspiresaunastudio.com/locations/mountain-view","https://www.perspiresaunastudio.com/locations/mountain-view","+1-650-609-2924","https://findsaunaplunge.com/venue/perspire-sauna-studio-mountain-view-san-francisco-ca/"
"perspire-sauna-studio-santa-clara-san-francisco-ca","Perspire Sauna Studio - Santa Clara","community","2026-08-16",,"3935 Rivermark Plaza","Santa Clara","CA","95054","san-francisco-ca","San Francisco","37.394911","-121.945683","infrared_sauna|red_light","private_suite",,,,"",,,,,,"https://www.perspiresaunastudio.com/locations/santa-clara","https://www.perspiresaunastudio.com/locations/santa-clara","+1-408-351-1927","https://findsaunaplunge.com/venue/perspire-sauna-studio-santa-clara-san-francisco-ca/"
"piedmont-springs-san-francisco-ca","Piedmont Springs","community","2026-08-16",,"3939 Piedmont Avenue","Oakland","CA","94611","san-francisco-ca","San Francisco","37.825259","-122.254135","traditional_sauna|steam_room","private_suite",,,,"",,,,,"Open 7 days a week, 11am-10pm","https://www.piedmontsprings.com","https://www.piedmontsprings.com/reservations-policies","+1-510-652-9191","https://findsaunaplunge.com/venue/piedmont-springs-san-francisco-ca/"
"reboot-marina-san-francisco-ca","Reboot Float & Cryo Spa - Marina","community","2026-08-16",,"1912 Lombard St","San Francisco","CA","94123","san-francisco-ca","San Francisco","37.800352","-122.433041","cold_plunge|traditional_sauna|infrared_sauna|cryotherapy|float","private_suite",,,,"",,,,,"Mon-Thu 11:00am-8:00pm, Fri-Sun 9:00am-8:00pm","https://www.rebootfloatspa.com/locations/marina","https://www.rebootfloatspa.com/locations/marina","+1-925-297-6104","https://findsaunaplunge.com/venue/reboot-marina-san-francisco-ca/"
"reboot-mission-san-francisco-ca","Reboot Float & Cryo Spa - Mission","community","2026-08-16",,"810 Valencia St","San Francisco","CA","94110","san-francisco-ca","San Francisco","37.759903","-122.421478","cold_plunge|traditional_sauna|infrared_sauna|cryotherapy|float","private_suite",,,,"",,,,,"Mon-Thu 10:30am-9:00pm, Fri-Sun 9:00am-9:00pm","https://www.rebootfloatspa.com/locations/mission","https://www.rebootfloatspa.com/locations/mission","+1-415-654-5125","https://findsaunaplunge.com/venue/reboot-mission-san-francisco-ca/"
"reboot-rockridge-san-francisco-ca","Reboot Float & Cryo Spa - Rockridge","community","2026-08-16",,"6239 College Ave","Oakland","CA","94618","san-francisco-ca","San Francisco","37.849792","-122.252463","cold_plunge|traditional_sauna|infrared_sauna|cryotherapy|float|red_light","private_suite",,,,"",,,,,"Mon, Wed-Thu 11:00am-8:00pm; Tue 1:00pm-8:00pm (Fri-Sun hours also published, see source)","https://www.rebootfloatspa.com/locations/rockridge","https://www.rebootfloatspa.com/locations/rockridge","+1-510-735-9532","https://findsaunaplunge.com/venue/reboot-rockridge-san-francisco-ca/"
"restore-hyper-wellness-los-gatos-san-francisco-ca","Restore Hyper Wellness - Los Gatos","community","2026-08-16",,"15557 Union Avenue","Los Gatos","CA","95032","san-francisco-ca","San Francisco",,,"cryotherapy|infrared_sauna|compression|red_light","unpublished",,,,"",,,,,"Mon-Thu 10am-7pm, Fri-Sat 9am-5pm, Sun 10am-4pm","https://www.restore.com/locations/ca-los-gatos-ca002",,"+1-408-333-9800","https://findsaunaplunge.com/venue/restore-hyper-wellness-los-gatos-san-francisco-ca/"
"restore-hyper-wellness-pleasant-hill-san-francisco-ca","Restore Hyper Wellness - Pleasant Hill","community","2026-08-16",,"40 Crescent Dr, Suite B","Pleasant Hill","CA","94523","san-francisco-ca","San Francisco","37.946539","-122.061463","cryotherapy|infrared_sauna|compression|red_light","unpublished",,,,"",,,,,"Mon-Fri 10am-6pm, Sat-Sun 10am-5pm","https://www.restore.com/locations/ca-pleasant-hill-ca053",,"+1-925-276-9334","https://findsaunaplunge.com/venue/restore-hyper-wellness-pleasant-hill-san-francisco-ca/"
"dogpatch-paddle-sauna-san-francisco-ca","Dogpatch Paddle & Kayak - Sauna + Cold Plunge","community","2026-08-16",,"701 Illinois Street #A","San Francisco","CA","94107","san-francisco-ca","San Francisco","37.763526","-122.387764","cold_plunge|traditional_sauna","mixed","25",,,"",,,"180","200",,"https://www.dogpatchpaddle.com/sauna","https://book.peek.com/s/2530f333-35eb-43fc-b661-6c7d3c95dfea/7vkbE","+1-415-484-9322","https://findsaunaplunge.com/venue/dogpatch-paddle-sauna-san-francisco-ca/"
"good-hot-san-francisco-ca","Good Hot","community","2026-08-16",,"1950 Stenmark Dr","Richmond","CA","94801","san-francisco-ca","San Francisco","37.956191","-122.423118","traditional_sauna|cold_plunge","mixed","30",,,"",,,,,"Thursday-Monday, generally 9:30am-8:15pm","https://www.good-hot.com","https://www.good-hot.com/book",,"https://findsaunaplunge.com/venue/good-hot-san-francisco-ca/"
"immersion-spa-san-francisco-ca","Immersion Spa","community","2026-08-16",,"3990 El Camino Real","Palo Alto","CA","94306","san-francisco-ca","San Francisco","37.415814","-122.128516","cold_plunge|traditional_sauna|steam_room","communal",,"45",,"","50","50","170","180","Mon-Thu 10am-8pm, Fri-Sun 9am-9pm","https://immersionspa.com","https://immersionspa.com/day-pass/","+1-650-855-9080","https://findsaunaplunge.com/venue/immersion-spa-san-francisco-ca/"
"k2-cryotherapy-san-francisco-ca","K2 Cryotherapy","community","2026-08-16",,"44374 S Grimmer Blvd","Fremont","CA","94538","san-francisco-ca","San Francisco","37.503","-121.95561","cryotherapy","unpublished",,,,"",,,,,"Mon-Fri 10:00am-6:00pm, Sat 10:00am-2:00pm, Sun closed","https://www.k2cryotherapy.com",,"+1-661-428-3820","https://findsaunaplunge.com/venue/k2-cryotherapy-san-francisco-ca/"
"pearl-spa-sauna-san-francisco-ca","Pearl Spa & Sauna","community","2026-08-16",,"1654 Post St","San Francisco","CA","94115","san-francisco-ca","San Francisco","37.785723","-122.429053","traditional_sauna","unpublished",,,,"",,,,,"Mon-Sun, 6:45am-7:45pm","https://www.pearlspasf.com","https://go.booker.com/location/PearlSpaSFL52599/service-menu","+1-415-580-7142","https://findsaunaplunge.com/venue/pearl-spa-sauna-san-francisco-ca/"
"solivana-wellness-lab-san-francisco-ca","SoliVana Wellness Lab","community","2026-08-16",,"1922 El Camino Real","Redwood City","CA","94063","san-francisco-ca","San Francisco","37.477393","-122.223248","cold_plunge|infrared_sauna|red_light|pemf|compression","unpublished",,,,"",,,,,"Monday-Sunday, 11:00am-8:00pm","https://solivanalab.com",,"+1-650-564-4325","https://findsaunaplunge.com/venue/solivana-wellness-lab-san-francisco-ca/"
"watercourse-way-san-francisco-ca","Watercourse Way","community","2026-08-16",,"165 Channing Avenue","Palo Alto","CA","94301","san-francisco-ca","San Francisco","37.441349","-122.158076","cold_plunge|traditional_sauna|steam_room","private_suite",,,,"",,,,,,"https://watercourseway.com",,"+1-650-462-2000","https://findsaunaplunge.com/venue/watercourse-way-san-francisco-ca/"
"life-time-walnut-creek-san-francisco-ca","Life Time Walnut Creek","brand_import","2026-08-26","life-time","1315 Broadway Plaza","Walnut Creek","CA","94596","san-francisco-ca","San Francisco","37.89470654","-122.0580992","cold_plunge|steam_room|traditional_sauna","communal",,,,"",,,,,"Mon–Fri 4:00am–11:00pm, Sat–Sun 5:00am–10:00pm","https://www.lifetime.life/locations/ca/walnut-creek/amenities.html",,"+1-925-951-4900","https://findsaunaplunge.com/venue/life-time-walnut-creek-san-francisco-ca/"
"banya-5-seattle-wa","Banya 5","community","2026-08-16",,"217 9th Ave N","Seattle","WA","98109","seattle-wa","Seattle","47.619935","-122.339863","cold_plunge|traditional_sauna|steam_room","unpublished","70",,,"",,,,,"Tue 3:00pm-10:00pm, Wed-Sun 9:00am-10:00pm, closed Monday","https://www.banya5.com/","https://banya5.zenoti.com/webstoreNew/fitness/classes/5917","+1-206-262-1234","https://findsaunaplunge.com/venue/banya-5-seattle-wa/"
"city-sweats-west-seattle-seattle-wa","City Sweats West Seattle","community","2026-08-16",,"4755 Fauntleroy Wy SW Suite 170","Seattle","WA","98116","seattle-wa","Seattle","47.560097","-122.38155","infrared_sauna|cold_plunge|red_light","unpublished",,,"299","",,,,,,"https://citysweats.com/west-seattle","https://citysweats.com/west-seattle#booknow","+1-206-420-1934","https://findsaunaplunge.com/venue/city-sweats-west-seattle-seattle-wa/"
"city-sweats-wallingford-seattle-wa","City Sweats Wallingford","community","2026-08-16",,"4222 Stone Way N","Seattle","WA","98103","seattle-wa","Seattle","47.658561","-122.342204","infrared_sauna|cold_plunge|red_light","unpublished",,,"299","",,,,,,"https://citysweats.com/wallingford","https://citysweats.com/wallingford#booknow","+1-206-466-1936","https://findsaunaplunge.com/venue/city-sweats-wallingford-seattle-wa/"
"city-sweats-bellevue-seattle-wa","City Sweats Bellevue","community","2026-08-16",,"825 Bellevue Way NE","Bellevue","WA","98004","seattle-wa","Seattle","47.61777","-122.20178","infrared_sauna|cold_plunge|red_light","unpublished",,,"299","",,,,,,"https://citysweats.com/bellevue","https://citysweats.com/bellevue#booknow","+1-425-455-8901","https://findsaunaplunge.com/venue/city-sweats-bellevue-seattle-wa/"
"space-bar-wellness-seattle-wa","Space B.A.R.","community","2026-08-16",,"2705 California Ave SW","Seattle","WA","98116","seattle-wa","Seattle","47.579219","-122.386713","cold_plunge|infrared_sauna|traditional_sauna","mixed","60",,,"",,,,,,"https://spacebarwellness.com/","https://clients.mindbodyonline.com/classic/ws?studioid=5743800&stype=41&sTG=22",,"https://findsaunaplunge.com/venue/space-bar-wellness-seattle-wa/"
"float-greenwood-seattle-wa","FLOAT Seattle - Greenwood","community","2026-08-16",,"111 NW 85th St","Seattle","WA","98117","seattle-wa","Seattle","47.690552","-122.358194","infrared_sauna|cold_plunge|float","unpublished","79",,,"","45","50","150","150",,"https://www.floatseattle.com/greenwood","https://floatseattle.floathelm.com/booking/locations",,"https://findsaunaplunge.com/venue/float-greenwood-seattle-wa/"
"float-greenlake-seattle-wa","FLOAT Seattle - Greenlake","community","2026-08-16",,"408 NE 70th Street","Seattle","WA","98115","seattle-wa","Seattle","47.679128","-122.324569","infrared_sauna|cold_plunge|float","unpublished","79",,,"","45","50","150","150",,"https://www.floatseattle.com/greenlake","https://floatseattle.floathelm.com/booking/locations",,"https://findsaunaplunge.com/venue/float-greenlake-seattle-wa/"
"float-bellevue-seattle-wa","FLOAT Seattle - Bellevue","community","2026-08-16",,"11101 NE 12th St, Suite 101","Bellevue","WA","98004","seattle-wa","Seattle","47.620985","-122.192074","infrared_sauna|cold_plunge|float","unpublished","79",,,"","45","50","150","150",,"https://www.floatseattle.com/bellevue","https://floatseattle.floathelm.com/booking/locations",,"https://findsaunaplunge.com/venue/float-bellevue-seattle-wa/"
"float-renton-landing-seattle-wa","FLOAT Seattle - Renton Landing","community","2026-08-16",,"727 North 10th Street","Renton","WA","98057","seattle-wa","Seattle","47.497932","-122.205791","infrared_sauna|cold_plunge|float","unpublished","79",,,"",,,,,"Mon 10am-9pm, Tue-Wed closed, Thu 10am-9pm, Fri-Sun 8:30am-9pm","https://www.floatseattle.com/renton-landing","https://floatseattle.floathelm.com/booking/locations",,"https://findsaunaplunge.com/venue/float-renton-landing-seattle-wa/"
"815-refresh-seattle-wa","815 Refresh","community","2026-08-16",,"815 NE 72nd St","Seattle","WA","98115","seattle-wa","Seattle","47.680819","-122.319624","traditional_sauna|cold_plunge","private_suite","35",,,"",,,,,,"https://www.815refresh.com/","https://www.815refresh.com/815refresh/book-now",,"https://findsaunaplunge.com/venue/815-refresh-seattle-wa/"
"restore-hyper-wellness-kirkland-seattle-wa","Restore Hyper Wellness - Kirkland","community","2026-08-16",,"400 Urban Plaza, Suite 125","Kirkland","WA","98033","seattle-wa","Seattle","47.67809","-122.199595","cryotherapy|infrared_sauna|red_light|compression","unpublished",,,"220","",,,,,"Mon-Thu 10am-6pm, Fri 10am-5pm, Sat 9am-5pm, Sun 10am-4pm","https://www.restore.com/locations/wa-kirkland-wa001",,"+1-425-420-5116","https://findsaunaplunge.com/venue/restore-hyper-wellness-kirkland-seattle-wa/"
"restore-hyper-wellness-issaquah-seattle-wa","Restore Hyper Wellness - Issaquah","community","2026-08-16",,"1520 Highlands Drive Northeast, Suite 100","Issaquah","WA","98029","seattle-wa","Seattle","47.542611","-122.01867","cryotherapy|infrared_sauna|red_light|compression","unpublished",,,"220","",,,,,"Mon-Thu 10am-6pm, Fri 10am-5pm, Sat 9am-5pm, Sun 10am-4pm","https://www.restore.com/locations/wa-issaquah-wa002",,"+1-425-651-8137","https://findsaunaplunge.com/venue/restore-hyper-wellness-issaquah-seattle-wa/"
"sauna-moon-alki-beach-seattle-wa","Sauna Moon at Alki Beach (Hot Rocks Sauna Club)","community","2026-08-16",,"2665 Alki Ave SW","Seattle","WA","98116","seattle-wa","Seattle","47.579931","-122.40847","traditional_sauna|cold_plunge","unpublished","35",,"100","",,,,,,"https://www.hotrockssaunaclub.com/","https://www.hotrockssaunaclub.com/sauna-sessions",,"https://findsaunaplunge.com/venue/sauna-moon-alki-beach-seattle-wa/"
"wild-haus-floating-sauna-seattle-wa","Wild Haus Floating Sauna","community","2026-08-16",,"10 E Allison St","Seattle","WA","98102","seattle-wa","Seattle","47.649196","-122.324439","traditional_sauna|cold_plunge","mixed",,,,"",,,,,,"https://thewildhaus.com/","https://thewildhaus.com/pages/booking",,"https://findsaunaplunge.com/venue/wild-haus-floating-sauna-seattle-wa/"
"seattle-sauna-seattle-wa","Seattle Sauna","community","2026-08-16",,"2401 N Northlake Way","Seattle","WA","98103","seattle-wa","Seattle","47.650361","-122.330892","traditional_sauna|cold_plunge","unpublished","49",,,"",,,,,,"https://www.seattlesauna.com/","https://bookeo.com/seattlesauna",,"https://findsaunaplunge.com/venue/seattle-sauna-seattle-wa/"
"hothouse-spa-sauna-seattle-wa","Hothouse Spa & Sauna","community","2026-08-16",,"1019 E Pike St","Seattle","WA","98122","seattle-wa","Seattle","47.614025","-122.319154","traditional_sauna|steam_room|cold_plunge","private_suite",,,,"",,,,,,"https://www.hothousespa.com/","https://www.hothousespa.com/schedule",,"https://findsaunaplunge.com/venue/hothouse-spa-sauna-seattle-wa/"
"soak-and-sage-renton-seattle-wa","Soak & Sage","community","2026-08-16",,"1135 Lake Washington Blvd N, Suite 60","Renton","WA","98057","seattle-wa","Seattle","47.505214","-122.199857","traditional_sauna|cold_plunge|steam_room","unpublished","75",,,"","45","45","205","205","Mon 11am-9pm, Tue-Thu 1-8:30pm, Fri-Sat 9am-9pm, Sun 9am-8:30pm","https://soakandsagespa.com/locations/seattle/","https://soakandsagespa.com/locations/seattle/#book-now","+1-425-657-3659","https://findsaunaplunge.com/venue/soak-and-sage-renton-seattle-wa/"
"arctic-elevation-renton-seattle-wa","Arctic Elevation","community","2026-08-24",,"1133 Lake Washington Blvd N #80","Renton","WA","98056","seattle-wa","Seattle","47.505176","-122.199839","cryotherapy|infrared_sauna|cold_plunge|red_light|compression","unpublished","50",,,"",,,,,,"https://www.arcticelevation.com/","https://www.arcticelevation.com/cold-plunge",,"https://findsaunaplunge.com/venue/arctic-elevation-renton-seattle-wa/"
"banya-everett-seattle-wa","Banya (by FGM)","community","2026-08-16",,"2814 Colby Ave","Everett","WA","98201","seattle-wa","Seattle","47.980064","-122.208686","traditional_sauna|cold_plunge|steam_room|red_light","unpublished","35",,,"","40","40",,,"Mon-Thu 12pm-10pm, Fri-Sat 12pm-midnight, closed Sunday","https://banyabyfgm.com/","https://banyabyfgm.com/book-now/","+1-425-252-2692","https://findsaunaplunge.com/venue/banya-everett-seattle-wa/"
"svette-owen-beach-tacoma-seattle-wa","Svette - Owen Beach","community","2026-08-16",,"5605 Owen Beach Rd","Tacoma","WA","98407","seattle-wa","Seattle",,,"traditional_sauna|cold_plunge","unpublished","35",,"85","",,,,,,"https://svettetacoma.com/","https://svettetacoma.com/pricing-and-plans/",,"https://findsaunaplunge.com/venue/svette-owen-beach-tacoma-seattle-wa/"
"plunge-and-restore-tacoma-seattle-wa","Plunge + Restore","community","2026-08-16",,"1101 Fawcett Avenue, Suite 111","Tacoma","WA","98402","seattle-wa","Seattle","47.252871","-122.442868","cold_plunge|infrared_sauna","unpublished",,,,"",,,,,"Mon 7-1 & 4:30-7:30, Tue 7-4, Wed 12:30-8:30, Thu closed, Fri 7-1 & 4:30-7:30, Sat 8:30-3:30, Sun 11-7:30","https://www.plungeandrestore.com/","https://www.plungeandrestore.com/schedule",,"https://findsaunaplunge.com/venue/plunge-and-restore-tacoma-seattle-wa/"
"fyre-sauna-redmond-seattle-wa","Fyre Sauna","community","2026-08-16",,"14123 Redmond-Woodinville Rd NE","Redmond","WA","98052","seattle-wa","Seattle","47.72769","-122.137678","traditional_sauna|cold_plunge","mixed","35",,,"",,,,,,"https://www.fyresauna.com/","https://www.fyresauna.com/pricing",,"https://findsaunaplunge.com/venue/fyre-sauna-redmond-seattle-wa/"
"svette-redondo-beach-des-moines-seattle-wa","Svette - Redondo Beach","community","2026-08-16",,"28280 Redondo Beach Dr S","Des Moines","WA","98198","seattle-wa","Seattle",,,"traditional_sauna|cold_plunge","unpublished","35",,"85","",,,,,,"https://svettetacoma.com/","https://svettetacoma.com/pricing-and-plans/",,"https://findsaunaplunge.com/venue/svette-redondo-beach-des-moines-seattle-wa/"
"kodawari-studios-tampa-fl","Kodawari Studios","community","2026-08-16",,"3965 Henderson Blvd, Ste C","Tampa","FL","33629","tampa-fl","Tampa","27.930608","-82.509653","traditional_sauna|cold_plunge","communal",,,"159","","42","55","195","205",,"https://www.kodawaristudios.com/","https://www.kodawaristudios.com/nordic-sauna","+1-813-999-1874","https://findsaunaplunge.com/venue/kodawari-studios-tampa-fl/"
"chill-n-out-clearwater-fl","Chill N Out","community","2026-08-16",,"2454 N McMullen Booth Rd, Suite 308","Clearwater","FL","33759","tampa-fl","Tampa","28.010293","-82.708789","infrared_sauna|cryotherapy","unpublished","25",,"99","",,,,,"Mon-Thu 8am-7pm; Fri 8am-4pm; Sat 9am-4pm; Sun 10am-3pm","https://www.chillnoutclearwater.com/infrared-sauna-clearwater/","https://chillnoutclearwater.pike13.com/appointments/343291","+1-727-250-8792","https://findsaunaplunge.com/venue/chill-n-out-clearwater-fl/"
"drip-infrared-sauna-cold-plunge-studio-valrico-fl","DRIP Infrared Sauna & Cold Plunge Studio","community","2026-08-16",,"1578 Bloomingdale Ave","Valrico","FL","33596","tampa-fl","Tampa","27.893707","-82.256635","infrared_sauna|cold_plunge","unpublished","15",,"75","",,,,,"Mon Closed; Tue-Fri 10am-7pm; Sat-Sun 8am-1pm","https://dripinfraredsaunastudio.com/","https://www.vagaro.com/dripinfraredsaunastudio/services","+1-813-657-2010","https://findsaunaplunge.com/venue/drip-infrared-sauna-cold-plunge-studio-valrico-fl/"
"embers-and-ice-tampa-fl","Embers + Ice","community","2026-08-24",,"802 N 12th Street","Tampa","FL","33602","tampa-fl","Tampa","27.953694","-82.446876","traditional_sauna|cold_plunge","unpublished",,,,"",,,,,"Mon-Fri 6:30am-1:00pm & 5:00pm-8:00pm; Sat 9:00am-1:00pm; Sun 10:00am-1:00pm & 4:30pm-7:00pm","https://embersice.com/","https://embersice.com/","+1-813-999-1176","https://findsaunaplunge.com/venue/embers-and-ice-tampa-fl/"
"recovery-oasis-st-petersburg-fl","Recovery Oasis","community","2026-08-16",,"105 1st St S","St. Petersburg","FL","33701","tampa-fl","Tampa","27.898364","-82.785305","cold_plunge|infrared_sauna|red_light","unpublished","35",,,"",,,,,"Mon & Thu 8am-7pm; Tue & Wed 8am-1:30pm & 2:30pm-7pm; Fri 8am-12pm & 1pm-6pm; Sat & Sun 9am-4pm","https://www.therecoveryoasis.com","https://clients.mindbodyonline.com/classic/ws?studioid=5736665","+1-727-346-5060","https://findsaunaplunge.com/venue/recovery-oasis-st-petersburg-fl/"
"restore-hyper-wellness-carrollwood-tampa-fl","Restore Hyper Wellness - Carrollwood","community","2026-08-16",,"13158 N. Dale Mabry Highway","Tampa","FL","33618","tampa-fl","Tampa","28.066903","-82.505414","cryotherapy|infrared_sauna|compression|red_light","unpublished",,,"170","",,,,,"Monday-Friday: 10AM-7PM; Saturday: 9AM-5PM; Sunday: 11AM-5PM","https://www.restore.com/locations/fl-tampa-carrollwood-fl009","https://www.restore.com/locations/fl-tampa-carrollwood-fl009","+1-813-252-5464","https://findsaunaplunge.com/venue/restore-hyper-wellness-carrollwood-tampa-fl/"
"restore-hyper-wellness-clearwater-countryside-tampa-fl","Restore Hyper Wellness - Clearwater (Countryside)","community","2026-08-16",,"25865 US Hwy 19 N","Clearwater","FL","33763","tampa-fl","Tampa","28.007519","-82.729787","cryotherapy|infrared_sauna|compression|red_light","unpublished",,,"170","",,,,,"Monday: Closed; Tuesday-Friday: 10AM-6PM; Saturday: 9AM-5PM; Sunday: 10AM-4PM","https://www.restore.com/locations/fl-clearwater-countryside-fl082","https://www.restore.com/locations/fl-clearwater-countryside-fl082","+1-813-553-4678","https://findsaunaplunge.com/venue/restore-hyper-wellness-clearwater-countryside-tampa-fl/"
"restore-hyper-wellness-st-petersburg-tampa-fl","Restore Hyper Wellness - St. Petersburg","community","2026-08-16",,"1700 4th Street N","St. Petersburg","FL","33704","tampa-fl","Tampa","27.788546","-82.638576","cryotherapy|infrared_sauna|compression|red_light","unpublished",,,"170","",,,,,"Monday-Friday: 10AM-7PM; Saturday: 9AM-5PM; Sunday: 11AM-5PM","https://www.restore.com/locations/fl-st-petersburg-fl004","https://www.restore.com/locations/fl-st-petersburg-fl004","+1-727-289-4733","https://findsaunaplunge.com/venue/restore-hyper-wellness-st-petersburg-tampa-fl/"
"restore-hyper-wellness-westchase-tampa-fl","Restore Hyper Wellness - Westchase","community","2026-08-16",,"10718 Countryway Blvd","Tampa","FL","33626","tampa-fl","Tampa","28.057098","-82.623294","cryotherapy|infrared_sauna|compression|red_light","unpublished",,,"170","",,,,,"Monday-Friday: 10AM-7PM; Saturday: 9AM-5PM; Sunday: 11AM-5PM","https://www.restore.com/locations/fl-tampa-westchase-fl012","https://www.restore.com/locations/fl-tampa-westchase-fl012","+1-813-510-3104","https://findsaunaplunge.com/venue/restore-hyper-wellness-westchase-tampa-fl/"
"perspire-sauna-studio-south-tampa-fl","Perspire Sauna Studio - South Tampa","community","2026-08-16",,"1155 South Dale Mabry Highway","Tampa","FL","33629","tampa-fl","Tampa","27.93246","-82.505878","infrared_sauna|red_light","private_suite",,,,"",,,,,,"https://www.perspiresaunastudio.com/locations/south-tampa","https://www.perspiresaunastudio.com/locations/south-tampa","+1-813-773-8274","https://findsaunaplunge.com/venue/perspire-sauna-studio-south-tampa-fl/"
"plunsana-st-petersburg-fl","Plunsana","community","2026-08-16",,"2300 26th St N, Suite B","St. Petersburg","FL","33713","tampa-fl","Tampa","27.792872","-82.669358","traditional_sauna|cold_plunge|red_light","unpublished",,,"90","","39","51","185","195","Mon-Thu 8AM-1PM & 5-8PM (Fri 8AM-1PM & 5-9PM, Sat-Sun 8AM-1PM per site)","https://plunsana.com/","https://plunsana.com/memberships/","+1-727-405-8853","https://findsaunaplunge.com/venue/plunsana-st-petersburg-fl/"
"revivery-oldsmar-fl","Revivery","community","2026-08-16",,"4022 Tampa Rd, Suite A6-7","Oldsmar","FL","34677","tampa-fl","Tampa","28.03576","-82.654938","cold_plunge","unpublished",,,,"",,,,,,"https://revivery.co/","https://revivery.co/try-revivery/","+1-656-233-8997","https://findsaunaplunge.com/venue/revivery-oldsmar-fl/"
"the-sauna-guys-tampa-fl","The Sauna Guys","community","2026-08-16",,"1703 N 24th Street","Tampa","FL","33605","tampa-fl","Tampa","27.959625","-82.432205","cold_plunge","unpublished",,,"99","",,,,,"Mon-Fri 5pm-8pm","https://www.sauna-guys.com","https://app.glofox.com/portal/#/branch/654e7d37c8a12ada310de13a/memberships","+1-352-342-8733","https://findsaunaplunge.com/venue/the-sauna-guys-tampa-fl/"
"the-studio-sauna-st-petersburg-fl","The Studio Sauna","community","2026-08-16",,"2454 Central Avenue","St. Petersburg","FL","33712","tampa-fl","Tampa","27.77095","-82.666544","infrared_sauna|cold_plunge|red_light","unpublished","30",,"50","",,,,,,"https://www.thestudiosauna.com/st-petersburg","https://www.thestudiosauna.com/st-petersburg","+1-727-202-0027","https://findsaunaplunge.com/venue/the-studio-sauna-st-petersburg-fl/"
"the-tampa-recovery-studio-tampa-fl","The Tampa Recovery Studio","community","2026-08-16",,"2055 Gregory Dr","Tampa","FL","33613","tampa-fl","Tampa","28.079878","-82.437931","infrared_sauna|cold_plunge","unpublished",,,"149","",,,,,,"https://www.tamparecoverystudio.com","https://www.tamparecoverystudio.com/pricingandmemberships","+1-813-641-4858","https://findsaunaplunge.com/venue/the-tampa-recovery-studio-tampa-fl/"
"sauna-n-chill-tampa-fl","Sauna N Chill","community","2026-08-16",,"3419 S Dale Mabry Hwy","Tampa","FL","33629","tampa-fl","Tampa","27.912212","-82.506149","traditional_sauna|cold_plunge","unpublished",,"49","149","",,,,,,"https://www.saunanchill.com","https://www.saunanchill.com","+1-813-497-4069","https://findsaunaplunge.com/venue/sauna-n-chill-tampa-fl/"
"body-aligned-recovery-room-tampa-fl","Body Aligned Recovery Room","community","2026-08-16",,"405 E. Oak Ave","Tampa","FL","33602","tampa-fl","Tampa","27.961227","-82.456452","cold_plunge|infrared_sauna|red_light","private_suite",,,,"",,,,,,"https://www.bodyalignedtampa.com/recovery-room","https://www.bodyalignedtampa.com/appointments","+1-813-253-3161","https://findsaunaplunge.com/venue/body-aligned-recovery-room-tampa-fl/"
"hotworx-wesley-chapel-fl","HOTWORX - Wesley Chapel (Wiregrass)","community","2026-08-16",,"28329 Paseo Drive, Unit 110","Wesley Chapel","FL","33543","tampa-fl","Tampa","28.189138","-82.348085","infrared_sauna","unpublished",,,,"",,,,,"24/7 member access; staffed Mon-Thu 11am-8pm, Fri 9am-6pm, Sat 9am-2pm","https://www.hotworx.net/studio/wesleychapel-wiregrass","https://www.hotworx.net/studio/wesleychapel-wiregrass","+1-813-395-2882","https://findsaunaplunge.com/venue/hotworx-wesley-chapel-fl/"
"hotworx-south-tampa-fl","HOTWORX - Tampa (South Tampa)","community","2026-08-16",,"2208 South Dale Mabry Hwy","Tampa","FL","33629","tampa-fl","Tampa","27.925994","-82.505831","infrared_sauna","unpublished",,,,"",,,,,"24/7 member access; staffed Mon-Thu 11am-8pm, Fri 9am-6pm, Sat 9am-2pm","https://www.hotworx.net/studio/southtampa/","https://www.hotworx.net/studio/southtampa/","+1-813-415-2254","https://findsaunaplunge.com/venue/hotworx-south-tampa-fl/"
"hotworx-carrollwood-fl","HOTWORX - Tampa (Carrollwood)","community","2026-08-16",,"13705 N. Dale Mabry Hwy","Tampa","FL","33618","tampa-fl","Tampa","28.069575","-82.5062","infrared_sauna","unpublished",,,,"",,,,,"24/7 member access; staffed Mon-Thu 11am-8pm, Fri 9am-6pm, Sat 9am-2pm","https://www.hotworx.net/studio/tampa-carrollwood","https://www.hotworx.net/studio/tampa-carrollwood","+1-813-427-9328","https://findsaunaplunge.com/venue/hotworx-carrollwood-fl/"
"iceburg-cold-plunge-st-petersburg-fl","Iceburg Cold Plunge","community","2026-08-16",,"1150 19th Street North","St. Petersburg","FL","33713","tampa-fl","Tampa","27.783344","-82.658589","cold_plunge|infrared_sauna|red_light","unpublished",,,,"","36","42",,,"Mon-Fri: 7-10am, 11am-2pm, 4-8pm sessions; Sat: 8am-1pm, 2-5pm; Sun: 8am-1pm, 2-4pm (walk-in, no appointment needed)","https://www.iceburgcoldplunge.com","https://www.iceburgcoldplunge.com/membership-plans-pricing","+1-727-283-3633","https://findsaunaplunge.com/venue/iceburg-cold-plunge-st-petersburg-fl/"
"pause-studio-midtown-tampa-fl","Pause Studio - Midtown Tampa","community","2026-08-16",,"1113 Assembly Dr.","Tampa","FL","33607","tampa-fl","Tampa",,,"cold_plunge|infrared_sauna|cryotherapy|float","private_suite",,,,"",,,,,,"https://pausestudio.com/locations/midtown-tampa","https://pausestudio.com/midtown-tampa/contrast-therapy","+1-813-536-4560","https://findsaunaplunge.com/venue/pause-studio-midtown-tampa-fl/"
"atlas-performance-center-wesley-chapel-fl","Atlas Performance Center","community","2026-08-16",,"3740 Windcrest Dr","Wesley Chapel","FL","33544","tampa-fl","Tampa","28.210801","-82.354691","cold_plunge","unpublished",,,,"",,,,,"Mon-Thu 7:30am-12:30pm & 2:30pm-6:00pm; Fri 7:30am-1:30pm; Sat-Sun Closed","https://www.atlasperformancecenter.com/cold-plunge-wesley-chapel","https://www.atlasperformancecenter.com/cold-plunge-wesley-chapel",,"https://findsaunaplunge.com/venue/atlas-performance-center-wesley-chapel-fl/"
"game-of-fitness-recovery-oasis-st-petersburg-fl","Game of Fitness - Recovery Oasis (Sauna + Cold Plunge)","community","2026-08-16",,"3430 Fairfield Avenue South","St. Petersburg","FL","33711","tampa-fl","Tampa","27.763693","-82.679848","cold_plunge|traditional_sauna","communal",,,,"",,,,,,"https://www.game-of-fitness.com/programs/recovery-oasis-sauna-cold-plunge","https://www.game-of-fitness.com/programs/recovery-oasis-sauna-cold-plunge",,"https://findsaunaplunge.com/venue/game-of-fitness-recovery-oasis-st-petersburg-fl/"
"heim-regenerative-medicine-center-tampa-fl","Heim Regenerative Medicine Center","community","2026-08-16",,"4240 Henderson Blvd","Tampa","FL","33629","tampa-fl","Tampa","27.925818","-82.514943","traditional_sauna|cold_plunge","unpublished",,,,"","40","50","190","190","Mon-Thu 8:00am-5:00pm, Fri 8:00am-3:00pm, closed 12:00-1:30pm daily for lunch","https://tampahealthcenter.com/wellness/sauna-cold-plunge-classes/","https://tampahealthcenter.com/wellness/sauna-cold-plunge-classes/",,"https://findsaunaplunge.com/venue/heim-regenerative-medicine-center-tampa-fl/"
"life-time-harbour-island-tampa-fl","Life Time Harbour Island","brand_import","2026-08-26","life-time","900 S Harbour Island Blvd","Tampa","FL","33602","tampa-fl","Tampa","27.93626341","-82.452302","cold_plunge|traditional_sauna","communal",,,,"",,,,,"Mon–Fri 4:00am–12:00am, Sat–Sun 5:00am–10:00pm","https://www.lifetime.life/locations/fl/harbour-island/amenities.html",,"+1-813-437-8200","https://findsaunaplunge.com/venue/life-time-harbour-island-tampa-fl/"
"life-time-lakewood-ranch-tampa-fl","Life Time Lakewood Ranch","brand_import","2026-08-26","life-time","5000 Lakewood Ranch Blvd N","Sarasota","FL","34240","tampa-fl","Tampa","27.377679","-82.4326225","cold_plunge|steam_room|traditional_sauna","communal",,,,"",,,,,,"https://www.lifetime.life/locations/fl/lakewood-ranch/amenities.html",,"+1-941-870-1250","https://findsaunaplunge.com/venue/life-time-lakewood-ranch-tampa-fl/"
"georgetown-suncryo-washington-dc","Georgetown SunCryo","community","2026-08-16",,"1641 R St NW Ste A","Washington","DC","20009","washington-dc","Washington","38.912666","-77.037333","cryotherapy|infrared_sauna","unpublished","75",,,"",,,,,"Monday-Saturday 10am-9pm, Sunday 10am-5pm","https://georgetownsuncryo.com/","https://georgetownsuncryo.com/pricing-and-membership/","+1-202-333-3244","https://findsaunaplunge.com/venue/georgetown-suncryo-washington-dc/"
"districtcryo-mount-vernon-shaw-washington-dc","DistrictCryo (Mount Vernon - Shaw)","community","2026-08-16",,"1300 9th Street NW","Washington","DC","20001","washington-dc","Washington","38.907302","-77.024038","cryotherapy|infrared_sauna|pemf|red_light","unpublished",,,,"",,,,,"Tuesday-Thursday 10am-7pm, Friday 10am-5pm, Saturday 10am-3pm, closed Sunday-Monday","https://districtcryo.com/locations/washington-dc/","https://districtcryo.com/locations/washington-dc/","+1-202-232-4036","https://findsaunaplunge.com/venue/districtcryo-mount-vernon-shaw-washington-dc/"
"ambitious-athletics-recovery-room-washington-dc","Ambitious Athletics Recovery Room","community","2026-08-16",,"1100 17th St NW","Washington","DC","20036","washington-dc","Washington","38.903801","-77.038582","cold_plunge|infrared_sauna","private_suite",,,,"","51","51",,,,"https://www.ambitiousathletics.com/recovery-room","https://www.ambitiousathletics.com/recovery-room",,"https://findsaunaplunge.com/venue/ambitious-athletics-recovery-room-washington-dc/"
"pure-sweat-studios-georgetown-washington-dc","Pure Sweat Studios - Georgetown","community","2026-08-16",,"3345 Prospect St NW","Washington","DC","20007","washington-dc","Washington","38.905992","-77.067256","infrared_sauna","private_suite",,,,"",,,,,,"https://www.puresweatstudios.com/washington-dc","https://www.puresweatstudios.com/washington-dc","+1-202-699-1242","https://findsaunaplunge.com/venue/pure-sweat-studios-georgetown-washington-dc/"
"capital-cryo-washington-dc","Capital Cryo - Washington DC","community","2026-08-16",,"3301 New Mexico Avenue NW, Suite 106","Washington","DC","20016","washington-dc","Washington","38.932949","-77.085443","cryotherapy|infrared_sauna|red_light","unpublished","65",,,"",,,,,"Tuesday-Thursday 10am-6pm, Friday-Saturday 10am-4pm, closed Sunday-Monday","https://www.capitalcryo.com/location/dc/washington","https://www.capitalcryo.com/contents/memberships","+1-202-362-2176","https://findsaunaplunge.com/venue/capital-cryo-washington-dc/"
"districtcryo-alexandria-old-town-washington-dc","DistrictCryo (Alexandria - Old Town)","community","2026-08-16",,"113 S. Columbus St.","Alexandria","VA","22314","washington-dc","Washington","38.805031","-77.04823","cryotherapy|infrared_sauna|pemf|red_light","unpublished",,,,"",,,,,"Monday-Thursday 10am-7pm, Friday 10am-5pm, Saturday 9am-3pm, closed Sunday","https://districtcryo.com/locations/alexandria-va/","https://districtcryo.com/locations/alexandria-va/","+1-571-982-5942","https://findsaunaplunge.com/venue/districtcryo-alexandria-old-town-washington-dc/"
"awarehouse-arlington-washington-dc","Awarehouse","community","2026-08-16",,"2201 N. Pershing Dr., Suite H","Arlington","VA","22201","washington-dc","Washington","38.880856","-77.085343","cold_plunge|infrared_sauna|red_light|pemf","communal",,,,"",,,,,,"https://www.awarehousedc.com/","https://www.awarehousedc.com/schedule","+1-703-563-2642","https://findsaunaplunge.com/venue/awarehouse-arlington-washington-dc/"
"restore-hyper-wellness-pentagon-city-washington-dc","Restore Hyper Wellness - Arlington, VA (Pentagon City)","community","2026-08-16",,"1101 S Joyce St","Arlington","VA","22202","washington-dc","Washington","38.864138","-77.063346","cryotherapy|infrared_sauna|compression|red_light","unpublished",,,"200","",,,,,"Monday-Thursday 10AM-7PM, Friday 10AM-6PM, Saturday 9AM-5PM, Sunday 10AM-4PM","https://www.restore.com/locations/va-arlington-pentagon-city-va017","https://www.restore.com/locations/va-arlington-pentagon-city-va017","+1-703-650-9231","https://findsaunaplunge.com/venue/restore-hyper-wellness-pentagon-city-washington-dc/"
"restore-hyper-wellness-alexandria-washington-dc","Restore Hyper Wellness - Alexandria, VA","community","2026-08-16",,"3652 King St","Alexandria","VA","22302","washington-dc","Washington","38.829242","-77.090979","cryotherapy|infrared_sauna|compression|red_light","unpublished",,,"200","",,,,,"Monday-Thursday 10AM-7PM, Friday 10AM-6PM, Saturday 9AM-5PM, Sunday 10AM-4PM","https://www.restore.com/locations/va-alexandria-va045","https://www.restore.com/locations/va-alexandria-va045","+1-571-266-0445","https://findsaunaplunge.com/venue/restore-hyper-wellness-alexandria-washington-dc/"
"kalm-studio-alexandria-washington-dc","KALM Studio","community","2026-08-16",,"800 N Henry St","Alexandria","VA","22314","washington-dc","Washington","38.813648","-77.049723","infrared_sauna|cold_plunge|red_light","mixed",,,,"",,,,,,"https://www.kalmstudio.com/","https://www.kalmstudio.com/membership",,"https://findsaunaplunge.com/venue/kalm-studio-alexandria-washington-dc/"
"balian-springs-alexandria-washington-dc","Balian Springs","community","2026-08-16",,"6432 General Green Way","Alexandria","VA","22312","washington-dc","Washington","38.796133","-77.163165","infrared_sauna|cold_plunge|steam_room|cryotherapy","unpublished",,,,"",,,,,"9:00am-9:30pm daily (Monday-Sunday)","https://www.baliansprings.com/","https://shop.baliansprings.com/spaplus/","+1-703-436-9107","https://findsaunaplunge.com/venue/balian-springs-alexandria-washington-dc/"
"hope-floats-bethesda-washington-dc","Hope Floats","community","2026-08-16",,"7625 Wisconsin Avenue (first floor)","Bethesda","MD","20814","washington-dc","Washington","38.986217","-77.094484","cold_plunge|infrared_sauna","unpublished","65",,,"","45","45",,,,"https://www.hopefloatsusa.com/","https://www.hopefloatsusa.com/pricing","+1-202-236-2099","https://findsaunaplunge.com/venue/hope-floats-bethesda-washington-dc/"
"courted-recovery-suite-bethesda-washington-dc","Courted Recovery Suite Bethesda","community","2026-08-16",,"6828 Wisconsin Avenue","Bethesda","MD","20815","washington-dc","Washington","38.977966","-77.091284","cold_plunge|infrared_sauna|cryotherapy|compression|pemf","unpublished",,,,"",,,,,"Monday-Thursday 6:00am-8:00pm, Friday 6:00am-7:00pm, Saturday-Sunday 9:00am-5:00pm","https://www.courted.com/bethesda/","https://www.courted.com/bethesda/","+1-240-744-7580","https://findsaunaplunge.com/venue/courted-recovery-suite-bethesda-washington-dc/"
"capital-cryo-bethesda-washington-dc","Capital Cryo - Bethesda","community","2026-08-16",,"4912 Hampden Lane","Bethesda","MD","20814","washington-dc","Washington","38.982642","-77.096463","cryotherapy|infrared_sauna|red_light","unpublished","65",,,"",,,,,"Monday 10am-4pm, Tuesday-Wednesday 9am-7pm, Thursday 9am-9pm, Friday-Sunday 10am-4pm","https://www.capitalcryo.com/location/md/bethesda","https://www.capitalcryo.com/contents/memberships","+1-301-654-2665","https://findsaunaplunge.com/venue/capital-cryo-bethesda-washington-dc/"
"daje-wellness-and-spa-silver-spring-washington-dc","Daje Wellness and Spa","community","2026-08-16",,"938 Bonifant Street","Silver Spring","MD","20910","washington-dc","Washington","38.99383","-77.025225","traditional_sauna|steam_room","unpublished","25",,,"",,,,,,"https://www.dajewellnessandspa.com/","https://www.dajewellnessandspa.com/treatments","+1-202-780-8112","https://findsaunaplunge.com/venue/daje-wellness-and-spa-silver-spring-washington-dc/"
"life-time-centreville-washington-dc","Life Time Centreville","brand_import","2026-08-26","life-time","5900 Trinity Pkwy","Centreville","VA","20120","washington-dc","Washington","38.84058364","-77.44192088","cold_plunge|steam_room|traditional_sauna","communal",,,,"",,,,,"Mon–Fri 4:00am–12:00am, Sat–Sun 5:00am–11:00pm","https://www.lifetime.life/locations/va/centreville/amenities.html",,"+1-703-266-6200","https://findsaunaplunge.com/venue/life-time-centreville-washington-dc/"
"life-time-clarendon-washington-dc","Life Time Clarendon","brand_import","2026-08-26","life-time","1440 N Edgewood St.","Arlington","VA","22201","washington-dc","Washington","38.8888898","-77.09186294","cold_plunge|steam_room|traditional_sauna","communal",,,,"",,,,,"Mon–Fri 4:00am–12:00am, Sat–Sun 5:00am–10:00pm","https://www.lifetime.life/locations/va/clarendon/amenities.html",,"+1-703-666-2900","https://findsaunaplunge.com/venue/life-time-clarendon-washington-dc/"
"life-time-reston-washington-dc","Life Time Reston","brand_import","2026-08-26","life-time","1757 Business Center Dr","Reston","VA","20190","washington-dc","Washington","38.95270703","-77.32824133","cold_plunge|steam_room|traditional_sauna","communal",,,,"",,,,,"Mon–Fri 4:00am–12:00am, Sat–Sun 5:00am–11:00pm","https://www.lifetime.life/locations/va/reston/amenities.html",,"+1-571-512-3500","https://findsaunaplunge.com/venue/life-time-reston-washington-dc/"
